"1363476057169432579","44196397","@RationalEtienne","Elon Musk","2021-02-21 13:09:58","6238","209","[]"
"1363476143735595014","44196397","@PPathole Should we?","Elon Musk","2021-02-21 13:10:19","15941","2688","[]"
"1363600651712794624","44196397","@BocaChicaGal @NASASpaceflight Good chance of flying this week!","Elon Musk","2021-02-21 21:25:04","20829","1190","[]"
"1363601164344823810","44196397","Dojo 4 Doge","Elon Musk","2021-02-21 21:27:06","327511","32960","[]"
"1363609428281360386","44196397","Hypernominalization","Elon Musk","2021-02-21 21:59:56","178021","10701","[]"
"1363627518830338051","44196397","Of spaceflight","Elon Musk","2021-02-21 23:11:50","86503","2917","[]"
"1363763858121256963","44196397","@SpaceXFan97 Speed will double to ~300Mb/s &amp; latency will drop to ~20ms later this year","Elon Musk","2021-02-22 08:13:35","4116","379","[]"
"1363774017606348802","44196397","@eugenelee3 @SpaceXFan97 Most of Earth by end of year, all by next year, then its about densifying coverage. Important to note that cellular will always have the advantage in dense urban areas. Satellites are best for low to medium population density areas.","Elon Musk","2021-02-22 08:53:58","4392","381","[]"
"1363783322770448386","44196397","@teslaownersSV Final design is lookingWas just in the studio","Elon Musk","2021-02-22 09:30:56","56696","1755","[]"
"1363944709501067264","44196397","@AustinTeslaClub The Tesla Solar Roof is slightly hydrophobic, so water, snow or ice slide off easily","Elon Musk","2021-02-22 20:12:14","60940","2376","[]"
"1363946797945679875","44196397","@jgrano305 @AustinTeslaClub It is still available off menu, but I dont think the range, in many drive conditions, yet meets the Tesla standard of excellence","Elon Musk","2021-02-22 20:20:32","2806","169","[]"
"1363946926983405573","44196397","@Adamklotz_ @AustinTeslaClub Later this year","Elon Musk","2021-02-22 20:21:02","3493","130","[]"
"1363946979005399040","44196397","@JantieWillie @Adamklotz_ @AustinTeslaClub Hopefully, later this year","Elon Musk","2021-02-22 20:21:15","2446","99","[]"
"1363947211277496320","44196397","@TechAmazing @UniverCurious Tunnels!!","Elon Musk","2021-02-22 20:22:10","15829","456","[]"
"1363993259756945410","44196397","@jgrano305 @AustinTeslaClub We have too much product complexity already","Elon Musk","2021-02-22 23:25:09","2999","127","[]"
"1364127406689193986","44196397","@PPathole Super cool","Elon Musk","2021-02-23 08:18:12","33159","646","[]"
"1364128031434887170","44196397","@PeterSchiff","Elon Musk","2021-02-23 08:20:41","146324","10379","[]"
"1364164653023076353","44196397","@mimimusics","Elon Musk","2021-02-23 10:46:12","6638","598","[]"
"1364180853866131456","44196397","Excession","Elon Musk","2021-02-23 11:50:35","207112","11071","[]"
"1364181510295744514","44196397","@ErcXspace I hope we dont go bankrupt building them!","Elon Musk","2021-02-23 11:53:11","27277","767","[]"
"1364181763770052611","44196397","@AskDrStupid Just a Surface Detail","Elon Musk","2021-02-23 11:54:12","6996","211","[]"
"1364470475620044802","44196397","@Erdayastronaut @ErcXspace Short-term, CH4 delivered &amp; O2 produced. Propellant is ~78% O2. Long-term, Sabatier reaction to convert CO2 + H2O -&gt; CH4 + O2 using wind &amp; solar power.","Elon Musk","2021-02-24 07:01:26","5387","316","[]"
"1364473175279620096","44196397","@TheFavoritist @NASASpaceflight @BocaChicaGal One of the engines is suspect, so were swapping it out","Elon Musk","2021-02-24 07:12:10","13182","521","[]"
"1364476185359642626","44196397","@tobyliiiiiiiiii @Erdayastronaut @ErcXspace One of them may be in limited operation by end of year","Elon Musk","2021-02-24 07:24:07","3580","129","[]"
"1364476710255796224","44196397","@cleantechnica Interesting","Elon Musk","2021-02-24 07:26:13","15246","428","[]"
"1364480679019429888","44196397","@teslaownersSV @cleantechnica Were upgrading all NNs to surround video, using subnets on focal areas (vs equal compute on all uncropped pixels) &amp; many other things, so more time needed to write &amp; validate software. Maybe something next week.This is evolving into solving a big part of physical world AI.","Elon Musk","2021-02-24 07:41:59","3506","358","[]"
"1364481755873488896","44196397","@HsueEugene @teslaownersSV @cleantechnica Seems likely","Elon Musk","2021-02-24 07:46:16","2149","81","[]"
"1364488368994848769","44196397","@_kenh @tobyliiiiiiiiii @Erdayastronaut @ErcXspace They will fly there from our launch site. Stationed around the world.","Elon Musk","2021-02-24 08:12:32","5905","301","[]"
"1364491362100477952","44196397","@TesLatino @teslaownersSV @cleantechnica Many steps forward, some steps back. Yes, we do a lot of QA before releasing a beta version.","Elon Musk","2021-02-24 08:24:26","2842","141","[]"
"1364528615354818562","44196397","@flcnhvy @HsueEugene @teslaownersSV @cleantechnica Potentially","Elon Musk","2021-02-24 10:52:28","3851","256","[]"
"1364560733472579591","44196397","Literally","Elon Musk","2021-02-24 13:00:05","577521","69421","[]"
"1364563280522453005","44196397","On the actual moon","Elon Musk","2021-02-24 13:10:13","182555","12011","[]"
"1364564687396872193","44196397","@VitoTheGreat_ I love dogs &amp; memes","Elon Musk","2021-02-24 13:15:48","47255","4658","[]"
"1364707463510040586","44196397","@jeff_foust Rockets are ridiculously hard (sigh)","Elon Musk","2021-02-24 22:43:08","16797","652","[]"
"1364748430883631111","44196397","You might see much higher download speeds on Starlink at times. Testing system upgrades.","Elon Musk","2021-02-25 01:25:56","209241","9716","[]"
"1364749052626231296","44196397","@teslaownersSV Probably mid year, but Starlink is really meant for those who are least served. Bay usually has great Internet.","Elon Musk","2021-02-25 01:28:24","11989","437","[]"
"1364806085610147844","44196397","Out on launch pad, engine swap underway","Elon Musk","2021-02-25 05:15:02","183552","10218","[]"
"1364806444726448129","44196397","@johnkrausphotos Sounds like a good idea","Elon Musk","2021-02-25 05:16:27","7142","224","[]"
"1364826301027115008","44196397","Starship to the moon","Elon Musk","2021-02-25 06:35:22","392170","26052","[]"
"1364895495764721667","44196397","I admit to judging books by their cover","Elon Musk","2021-02-25 11:10:19","382809","32324","[]"
"1364897764556099585","44196397","@GJGunit Both","Elon Musk","2021-02-25 11:19:20","1993","76","[]"
"1364906065985499144","44196397","Not a meta4, I mean actual books","Elon Musk","2021-02-25 11:52:19","148416","4426","[]"
"1364907428060540935","44196397","@cleantechnica 3mm of full hard 301 or 304 Stainless is bulletproof to a 9mm or .45","Elon Musk","2021-02-25 11:57:44","4810","272","[]"
"1365023164464582663","44196397","@Rjdlandscapes @Tesla Prices in the US (of all goods) dont include VAT, but its usually included in other countries. Then theres import duty &amp; transport costs.The intent is that revenue to Tesla is roughly similar in all countries, so taxes, tariffs &amp; transport make up the difference.","Elon Musk","2021-02-25 19:37:37","2975","153","[]"
"1365045749407494146","44196397","@RationalEtienne I hope they do! It would be awesome","Elon Musk","2021-02-25 21:07:22","12542","1154","[]"
"1365052475934453760","44196397","@skorusARK This is not about winning anyone over. We are production-limited. The reason we are making our own cells is to *supplement* max production of suppliers. Even moving at full speed, they cannot build enough cells.","Elon Musk","2021-02-25 21:34:06","10557","543","[]"
"1365053102794153987","44196397","@MemesOfMars @skorusARK Fremont shut down for two days (parts shortages) &amp; restarted yesterday","Elon Musk","2021-02-25 21:36:35","3751","386","[]"
"1365054971146829824","44196397","@harsimranbansal @skorusARK Absolutely","Elon Musk","2021-02-25 21:44:01","2556","103","[]"
"1365055830085763081","44196397","@RationalEtienne @skorusARK Nickel is our biggest concern for scaling lithium-ion cell production. Thats why we are shifting standard range cars to an iron cathode. Plenty of iron (and lithium)!","Elon Musk","2021-02-25 21:47:26","3588","353","[]"
"1365056586096459786","44196397","@chicago_glenn @RationalEtienne @skorusARK We will use a catapult &amp; air mattresses to land on the roof, then base jump off","Elon Musk","2021-02-25 21:50:26","5769","304","[]"
"1365061022084698118","44196397","","Elon Musk","2021-02-25 22:08:03","265867","19405","[]"
"1365122612217712642","44196397","@konstructivizm Hey babe","Elon Musk","2021-02-26 02:12:48","111065","3451","[]"
"1365221598505091072","44196397","@konstructivizm Nothing if not discreet","Elon Musk","2021-02-26 08:46:08","2697","116","[]"
"1365226011458174976","44196397","@flcnhvy","Elon Musk","2021-02-26 09:03:40","4852","289","[]"
"1365226460244561920","44196397","@Sharvenium @flcnhvy","Elon Musk","2021-02-26 09:05:27","3836","257","[]"
"1365237858165026818","44196397","Do androids dream of electric cars?","Elon Musk","2021-02-26 09:50:44","256506","13039","[]"
"1365241433381339136","44196397","","Elon Musk","2021-02-26 10:04:57","160491","7776","[]"
"1366446908684705792","44196397","@thesheetztweetz Ahem","Elon Musk","2021-03-01 17:55:05","26153","807","[]"
"1366463008398970880","44196397","Always wondered where exactly your gaming character keeps all the stuff","Elon Musk","2021-03-01 18:59:03","196884","15891","[]"
"1366463640451256323","44196397","New drug coming out called Regretamine. Pop one &amp; all regrets are gone.","Elon Musk","2021-03-01 19:01:34","293803","25249","[]"
"1366477626429169666","44196397","Doge meme shield (legendary item)","Elon Musk","2021-03-01 19:57:08","284648","26813","[]"
"1366510800391741441","44196397","@WholeMarsBlog Tesla China team rocks!","Elon Musk","2021-03-01 22:08:58","3660","171","[]"
"1366511383676784642","44196397","@totalspace360 Looks familiar haha. Nonetheless, the right move. Congrats to Rocket Lab.","Elon Musk","2021-03-01 22:11:17","27019","871","[]"
"1366514542939828224","44196397","Green eggs &amp; SPAC","Elon Musk","2021-03-01 22:23:50","131187","6572","[]"
"1366514764868775936","44196397","@WholeMarsBlog Q2 for sure","Elon Musk","2021-03-01 22:24:43","4401","292","[]"
"1366515063633309696","44196397","@WholeMarsBlog Note, buying FSD will still be a better long-term deal than subscription","Elon Musk","2021-03-01 22:25:54","4033","253","[]"
"1366668744748007425","44196397","@draecomino 2022: Dogecoin is dumb","Elon Musk","2021-03-02 08:36:34","14405","2005","[]"
"1366808202701012995","44196397","Scammers &amp; crypto should get a room","Elon Musk","2021-03-02 17:50:44","198630","16721","[]"
"1366820931184717824","44196397","Horses are even self-driving!","Elon Musk","2021-03-02 18:41:18","144994","13280","[]"
"1366847359431282688","44196397","@teslaownersSV Yup","Elon Musk","2021-03-02 20:26:19","3086","98","[]"
"1366847507725127681","44196397","@Pslavi Cool","Elon Musk","2021-03-02 20:26:55","10240","182","[]"
"1366848696298561536","44196397","Creating the city of Starbase, Texas","Elon Musk","2021-03-02 20:31:38","220699","13969","[]"
"1366857632372256770","44196397","@WootiezTV Very much so &amp; its leader shall be The Doge","Elon Musk","2021-03-02 21:07:09","16170","1658","[]"
"1366859619461570561","44196397","@nextspaceflight @NASASpaceflight An area much larger than Boca Chica","Elon Musk","2021-03-02 21:15:02","4298","200","[]"
"1366860749503557636","44196397","From thence to Mars,And hence the Stars.","Elon Musk","2021-03-02 21:19:32","93526","4328","[]"
"1366877869310320640","44196397","@Adamklotz_ @SpaceX Space","Elon Musk","2021-03-02 22:27:34","14892","421","[]"
"1366950662127325186","44196397","@PPathole There was still a surprisingly high usage of horses in 1940, but the trend was obvious","Elon Musk","2021-03-03 03:16:49","2756","113","[]"
"1366951771810062336","44196397","@F9Block5 @PPathole Sounds about right, but we want to be very careful with this transition period","Elon Musk","2021-03-03 03:21:13","1639","110","[]"
"1366951962961268742","44196397","@DJSnM Indeed it was","Elon Musk","2021-03-03 03:21:59","4021","102","[]"
"1366955304752062464","44196397","@LabPadre @Larry_in_Canada First Ive heard of this. Well fix the situation. Im a fan of @labpadre video!","Elon Musk","2021-03-03 03:35:16","4958","186","[]"
"1366958209185943552","44196397","@Erdayastronaut @LabPadre @Larry_in_Canada Ok, lets figure this out tomorrow. Im all for exciting video coverage, but we also cant have the place festooned with cameras.","Elon Musk","2021-03-03 03:46:48","5334","193","[]"
"1366959040790601729","44196397","@PPathole @Erdayastronaut @LabPadre @Larry_in_Canada Good point","Elon Musk","2021-03-03 03:50:06","3334","84","[]"
"1366967273999671298","44196397","@LabPadre @SpaceX Youre welcome","Elon Musk","2021-03-03 04:22:49","8406","193","[]"
"1366968841209745410","44196397","@billhuang688 @F9Block5 @PPathole FSD beta build V8.1 normally drives me around with no interventions. Next version is a big step change beyond that. Tesla is solving a major part of real-world AI. This is not widely known.","Elon Musk","2021-03-03 04:29:03","4650","653","[]"
"1366980026147610624","44196397","@LuvMyModel3 @billhuang688 @F9Block5 @PPathole Yes, beta will be offered much more widely when version 9 is done, hopefully next month","Elon Musk","2021-03-03 05:13:30","4144","293","[]"
"1367074939317157888","44196397","Starship launch tomorrow. Window opens at 9am.","Elon Musk","2021-03-03 11:30:39","244419","14771","[]"
"1367082108863320070","44196397","March 3rd","Elon Musk","2021-03-03 11:59:08","89074","2702","[]"
"1367205667321171968","44196397","5 mins to Starship test flight attempt","Elon Musk","2021-03-03 20:10:07","198612","9705","[]"
"1367213114228318209","44196397","Launch abort on slightly conservative high thrust limit. Increasing thrust limit &amp; recycling propellant for another flight attempt today.","Elon Musk","2021-03-03 20:39:42","95919","3858","[]"
"1367272378766614529","44196397","Starship SN10 landed in one piece!","Elon Musk","2021-03-04 00:35:12","172678","18085","[]"
"1367272937632497664","44196397","@Erdayastronaut @SpaceX RIP SN10, honorable discharge","Elon Musk","2021-03-04 00:37:25","38631","2748","[]"
"1367273722734911491","44196397","@PPathole @SpaceX SpaceX team is doing great work! One day, the true measure of success will be that Starship flights are commonplace.","Elon Musk","2021-03-04 00:40:32","22143","1295","[]"
"1367330165144059906","44196397","@Jason cgi irl @spacex","Elon Musk","2021-03-04 04:24:49","9880","352","[]"
"1367611973697818628","44196397","@skorusARK Tesla &amp; Ford are the only American carmakers not to have gone bankrupt out of 1000s of car startups. Prototypes are easy, production is hard &amp; being cash flow positive is excruciating.","Elon Musk","2021-03-04 23:04:38","52505","3209","[]"
"1367617336757338112","44196397","@RenataKonkoly @skorusARK","Elon Musk","2021-03-04 23:25:56","5744","155","[]"
"1367726375008804865","44196397","@WholeMarsBlog Tesla AI, both hardware &amp; software, is deeply underestimated","Elon Musk","2021-03-05 06:39:13","8026","937","[]"
"1367784992961531905","44196397","Cybervikings of Mars","Elon Musk","2021-03-05 10:32:09","200931","10561","[]"
"1367785830111047680","44196397","SN10 is in Valhalla now","Elon Musk","2021-03-05 10:35:28","78434","5823","[]"
"1367967590597816320","44196397","","Elon Musk","2021-03-05 22:37:43","271208","17622","[]"
"1367979877496807426","44196397","@Jason Or is this just fantasy?","Elon Musk","2021-03-05 23:26:33","7192","329","[]"
"1368014448426807296","44196397","@TimSweeneyEpic Was super fun tbh haha","Elon Musk","2021-03-06 01:43:55","24207","617","[]"
"1368016384458858500","44196397","@TimSweeneyEpic Thrust was low despite being commanded high for reasons unknown at present, hence hard touchdown. Weve never seen this before.Next time, min two engines all the way to the ground &amp; restart engine 3 if engine 1 or 2 have issues.","Elon Musk","2021-03-06 01:51:37","9256","706","[]"
"1368016992326709251","44196397","@chicago_glenn @TimSweeneyEpic @TrevorMahlmann Starhopper is an old timer who has seen a lot of things!","Elon Musk","2021-03-06 01:54:02","6221","207","[]"
"1368017749851598850","44196397","If you want the Tesla Full Self-Driving Beta downloaded to your car, let us know. Doubling beta program size now with 8.2 &amp; probably 10X size with 8.3. Still be careful, but its getting mature.","Elon Musk","2021-03-06 01:57:02","126727","6819","[]"
"1368048822534868997","44196397","@PPathole @TimSweeneyEpic This was way past leg loads. They got squashed hard.","Elon Musk","2021-03-06 04:00:31","5485","259","[]"
"1368050094012960768","44196397","@SomePaleGamer","Elon Musk","2021-03-06 04:05:34","8126","151","[]"
"1368050830797021187","44196397","@WholeMarsBlog Beta V8.3 has literally ~1000 improvements. Will take time to QA internally before release probably in two or three weeks.","Elon Musk","2021-03-06 04:08:29","4743","396","[]"
"1368058884837928970","44196397","Doge spelled backwards is Egod","Elon Musk","2021-03-06 04:40:30","410601","38931","[]"
"1368329387733512193","44196397","Due to high levels of demand for FSD Beta, adding Download Beta button to Service section of car display in ~10 days","Elon Musk","2021-03-06 22:35:23","62229","3990","[]"
"1368332350602420225","44196397","Availability varies by region due to regulatory approval delays and/or Tesla internal development &amp; testing. Note: word Beta is used to reduce complacency in usage &amp; set expectations appropriately. All software is first tested internally by Tesla simulation &amp; QA drive teams.","Elon Musk","2021-03-06 22:47:09","32194","1267","[]"
"1368333982610251776","44196397","@LarryKellogg @arctechinc The Tesla FSD computer started shipping in volume in Q2 2019. 2020 cars should all have FSD computers, whether or not ordered as an option.","Elon Musk","2021-03-06 22:53:38","3171","146","[]"
"1368337660838748162","44196397","@arctechinc Should be very soon. Many subtle differences between US &amp; Canada roads, so harder than it seems.","Elon Musk","2021-03-06 23:08:15","3292","168","[]"
"1368343806823657474","44196397","@westcoastbill The $1400 is mostly good imo (UBI lite), as the people get to choose how the money is spent, but the rest is mostly net bad for the people as a whole (though it is obviously characterized otherwise).","Elon Musk","2021-03-06 23:32:40","18420","1323","[]"
"1368344522413903872","44196397","@garyblack00 Update probably in Q2. Cybertruck will be built at Giga Texas, so focus right now is on getting that beast built.","Elon Musk","2021-03-06 23:35:31","8522","724","[]"
"1368693859203436548","44196397","Great band, too bad they broke up","Elon Musk","2021-03-07 22:43:39","401791","36520","[]"
"1368845550687117312","44196397","@engineers_feed Ultimately, yes","Elon Musk","2021-03-08 08:46:25","18700","469","[]"
"1368867769211514881","44196397","Carnot efficiency of the Universe?","Elon Musk","2021-03-08 10:14:43","126442","5245","[]"
"1368886781542682624","44196397","@WholeMarsBlog @klwtts Haha true. Yet, still, so much dignity is ascribed to horses!","Elon Musk","2021-03-08 11:30:16","2553","99","[]"
"1368894470163369986","44196397","@Teslarati @KlenderJoey Still many fine details to address, but the final product will be fantastic. Theres nothing else even close.","Elon Musk","2021-03-08 12:00:49","7185","413","[]"
"1368895133500936199","44196397","@Harbles Its all hot air in the end haha","Elon Musk","2021-03-08 12:03:27","4709","161","[]"
"1368915472142401540","44196397","Starbase, Texas","Elon Musk","2021-03-08 13:24:16","458259","15441","[]"
"1369051431903268865","44196397","@thesheetztweetz Not connecting Tesla cars to Starlink, as our terminal is much too big. This is for aircraft, ships, large trucks &amp; RVs.","Elon Musk","2021-03-08 22:24:31","28130","1202","[]"
"1369077935135625219","44196397","@WholeMarsBlog it until you make it","Elon Musk","2021-03-09 00:09:50","2736","175","[]"
"1369201867842936836","44196397","@CyberpunkGame Delamain AI cabs should be able to drive themselves when youre in them &amp; be electric by 2077","Elon Musk","2021-03-09 08:22:18","21281","838","[]"
"1369235813079351297","44196397","@WholeMarsBlog Assuming user approves warning &amp; agrees to drive carefully, it will download latest QA-tested FSD Beta build as soon as car connects to wifi","Elon Musk","2021-03-09 10:37:11","3296","311","[]"
"1369237279378714629","44196397","@WholeMarsBlog Build 8.3 of FSD should be done QA testing by end of next week, so thats roughly when download button should show up","Elon Musk","2021-03-09 10:43:01","3425","325","[]"
"1369241155804790785","44196397","@eurotechjunkie @Alpsoy66 @WholeMarsBlog We will ask the regulators","Elon Musk","2021-03-09 10:58:25","2758","144","[]"
"1369379914139451406","44196397","@austinbarnard45 SN10 engine was low on thrust due (probably) to partial helium ingestion from fuel header tank. Impact of 10m/s crushed legs &amp; part of skirt. Multiple fixes in work for SN11.","Elon Musk","2021-03-09 20:09:48","13461","884","[]"
"1369382210894237705","44196397","@NASASpaceflight Fair point. If autogenous pressurization had been used, CH4 bubbles would most likely have reverted to liquid. Helium in header was used to prevent ullage collapse from slosh, which happened in prior flight. My fault for approving. Sounded good at the time.","Elon Musk","2021-03-09 20:18:55","11343","487","[]"
"1369429565035134986","44196397","@Astro_Soichi","Elon Musk","2021-03-09 23:27:05","20490","655","[]"
"1369438991943151620","44196397","@Erdayastronaut @NASASpaceflight There were baffles, but one may have acted like a straw to suck bubbles in from above liquid/gas level. Something similar happened on an early Falcon 1 flight, resulting in unexpectedly high liquid oxygen residuals at main engine cutoff.","Elon Musk","2021-03-10 00:04:33","4417","199","[]"
"1369439826982936580","44196397","@ashleevance Battery energy density is the key to electric aircraft. Autonomy for aircraft could have been done a long time ago. Modern airliners are very close to autonomous.","Elon Musk","2021-03-10 00:07:52","3163","247","[]"
"1369458403248988160","44196397","@tobyliiiiiiiiii @Erdayastronaut @NASASpaceflight Might just catch the ship with the launch tower, same as booster","Elon Musk","2021-03-10 01:21:41","5167","255","[]"
"1369489056350883840","44196397","@Erdayastronaut @tobyliiiiiiiiii @NASASpaceflight Yeah, we talked about that internally. Could just have it land on a big net or bouncy castle. Lacks dignity, but would work. But, optimized landing propellant is only ~5% of dry mass, so its not a gamechanger.","Elon Musk","2021-03-10 03:23:29","6765","277","[]"
"1369657371384025088","44196397","@PPathole I was just up there. Elevator on the other side. Floor is in, glass coming soon.","Elon Musk","2021-03-10 14:32:18","5153","216","[]"
"1369909304334123009","44196397","@WholeMarsBlog @Herbert_Diess Fuel cells should be called fool sells! Such a silly choice for cars. Not great even for a rocket upper stage imo, but at least not absurd.","Elon Musk","2021-03-11 07:13:24","3086","248","[]"
"1369918893771395078","44196397","@arstechnica @SciGuySpace Falcon 9 is almost always at max capacity. When it has spare performance, it flies back to land, which costs much less than using a droneship.Our fundamental constraint is mass to orbit per unit time. Last year, SpaceX launched roughly double payload mass of rest of world.","Elon Musk","2021-03-11 07:51:30","9003","410","[]"
"1369919659898789891","44196397","@TezlaMick @arstechnica @SciGuySpace Yes","Elon Musk","2021-03-11 07:54:33","3282","144","[]"
"1369933283174318082","44196397","@PPathole @arstechnica @SciGuySpace If 2021 manifest is met, SpaceX will do ~75% of total Earth payload to orbit with Falcon.A single Starship is designed to do in a day what all rockets on Earth currently do in a year. Even so, ~1000 Starships will take ~20 years to build a self-sustaining city on Mars.","Elon Musk","2021-03-11 08:48:41","5651","730","[]"
"1369969332114096133","44196397","@WholeMarsBlog Like @CyberpunkGame, but *with* self-driving haha","Elon Musk","2021-03-11 11:11:56","2726","121","[]"
"1369969983632064513","44196397","@_Shameless_Plug @Falcon9Block5 @bluemoondance74 @arstechnica @SciGuySpace .@BoredElonMusk","Elon Musk","2021-03-11 11:14:31","2383","81","[]"
"1369992784325791750","44196397","@DraperYounce Wow!","Elon Musk","2021-03-11 12:45:07","33797","671","[]"
"1369993285096329217","44196397","@TrevorMahlmann @SpacePadreIsle Celebrating a year of great work by the SpaceX team!","Elon Musk","2021-03-11 12:47:07","19459","706","[]"
"1369999693636329472","44196397","@ErcXspace @SpaceX @NASASpaceflight @Erdayastronaut Transparent aluminum (ALON) might be cool","Elon Musk","2021-03-11 13:12:34","23361","643","[]"
"1370009954833338374","44196397","@tesla_adri @28delayslater @TrevorMahlmann @SpacePadreIsle Dieses Jahr","Elon Musk","2021-03-11 13:53:21","2522","114","[]"
"1370224669261971456","44196397","@thejackbeyer @NASASpaceflight Green flame in this context means engine is burning internal components made of copper. This is usually followed by a RUD (Rapid Unscheduled Disassembly).","Elon Musk","2021-03-12 04:06:33","45301","1331","[]"
"1370225687391563778","44196397","@FFairing @thejackbeyer @NASASpaceflight Quarks &amp; leptons","Elon Musk","2021-03-12 04:10:36","4451","122","[]"
"1370449101402353669","44196397","BTC (Bitcoin) is an anagram ofTBC(The Boring Company)What a coincidence!","Elon Musk","2021-03-12 18:58:22","244651","17696","[]"
"1370449655855788044","44196397","Both do mining &amp; use blocks &amp; chains","Elon Musk","2021-03-12 19:00:34","103209","4295","[]"
"1370513253047091203","44196397","@pflodin @DoctorKarl Absolutely","Elon Musk","2021-03-12 23:13:17","1762","70","[]"
"1370522745709158407","44196397","FSD Beta has now been expanded to ~2000 owners &amp; weve also revoked beta where drivers did not pay sufficient attention to the road. No accidents to date.Next significant release will be in April. Going with pure vision not even using radar. This is the way to real-world AI.","Elon Musk","2021-03-12 23:51:00","23522","1548","[]"
"1370524129212964867","44196397","@ashleevance For sure wise for elderly or immunocompromised to take the vaccine. Some debate about the second jab though. Quite a few negative reactions to that.","Elon Musk","2021-03-12 23:56:30","8910","442","[]"
"1370525365358243842","44196397","@TSLAgang @SpinelessModer1 Yes","Elon Musk","2021-03-13 00:01:24","2290","79","[]"
"1370557948494233604","44196397","@itsALLrisky Yes!","Elon Musk","2021-03-13 02:10:53","11009","1501","[]"
"1370635836044238854","44196397","This Magic Moment","Elon Musk","2021-03-13 07:20:23","233771","13338","[]"
"1370880599641231360","44196397","Woketopia. Battle for the Moral High Ground in this new game!","Elon Musk","2021-03-13 23:32:59","111703","11934","[]"
"1370882536101056523","44196397","Doge day afternoon","Elon Musk","2021-03-13 23:40:41","176316","18907","[]"
"1370883943143251968","44196397","Origin of Doge Day Afternoon:The ancient Romans sacrificed a Dogecoin at the beginning of the Doge Days to appease the rage of Sirius, believing that the star was the cause of the hot, sultry weather.","Elon Musk","2021-03-13 23:46:16","76794","7878","[]"
"1370885153262817283","44196397","Why are you so dogematic, they ask","Elon Musk","2021-03-13 23:51:05","247010","19508","[]"
"1370917400263192583","44196397","Homo sapiens techno: Loves raves &amp; technology","Elon Musk","2021-03-14 01:59:13","100670","8014","[]"
"1370917960617967620","44196397","@justpaulinelol Ja","Elon Musk","2021-03-14 02:01:26","4883","172","[]"
"1370946514974031872","44196397","Im getting a Shiba Inu #resistanceisfutile","Elon Musk","2021-03-14 03:54:54","247331","19270","['resistanceisfutile']"
"1370947478355333123","44196397","@WholeMarsBlog It sees in all directions simultaneously","Elon Musk","2021-03-14 03:58:44","3215","182","[]"
"1370950463017861123","44196397","Falcon flies for the 9th time tonight","Elon Musk","2021-03-14 04:10:36","112592","4952","[]"
"1370960344907182083","44196397","@WholeMarsBlog What has become absolutely clear is that the plethora of self-driving corner cases can only be solved with real-world optical intelligence. This is how humans designed the road system to work. Once you have that in silicon form, everything else is just icing on the cake.","Elon Musk","2021-03-14 04:49:52","4780","442","[]"
"1370962492155961346","44196397","@leastImAlive @itsALLrisky @vladtenev This is an opportunity for RH to outdo CB!","Elon Musk","2021-03-14 04:58:24","4102","879","[]"
"1371093416008941571","44196397","A puckish rogue","Elon Musk","2021-03-14 13:38:38","40229","2777","[]"
"1371096094210416641","44196397","@SpaceX Fly my pretties, fly","Elon Musk","2021-03-14 13:49:17","48692","1901","[]"
"1371097717951332353","44196397","@____AMiR__ @SpaceX We will support as best we can","Elon Musk","2021-03-14 13:55:44","10460","1067","[]"
"1371098915559383040","44196397","Play your favorite song in a Tesla &amp; turn the volume to 11You will see. You will feel.","Elon Musk","2021-03-14 14:00:29","170189","8195","[]"
"1371101369797591046","44196397","This is good","Elon Musk","2021-03-14 14:10:15","45312","2952","[]"
"1371103308425928708","44196397","I love music. It makes my heart sing.","Elon Musk","2021-03-14 14:17:57","568163","57961","[]"
"1371256869705109504","44196397","@SciGuySpace SpaceX did 2X rest of world payload to orbit last year, probably 3X to 4X this year","Elon Musk","2021-03-15 00:28:09","18781","932","[]"
"1371274313232486403","44196397","@Tesmanian_com Yes","Elon Musk","2021-03-15 01:37:27","18857","503","[]"
"1371549960030842893","44196397","Im selling this song about NFTs as an NFT","Elon Musk","2021-03-15 19:52:47","246007","30859","[]"
"1371600053039722500","44196397","@beeple 420M Doge","Elon Musk","2021-03-15 23:11:50","80502","5148","[]"
"1371969967176957956","44196397","Actually, doesnt feel quite right selling this. Will pass.","Elon Musk","2021-03-16 23:41:44","69365","2255","[]"
"1371994394484690948","44196397","@Erdayastronaut @SpaceX cgi irl","Elon Musk","2021-03-17 01:18:48","9201","275","[]"
"1371994922291765255","44196397","SN11 almost ready to fly","Elon Musk","2021-03-17 01:20:54","66052","4532","[]"
"1371995012825763842","44196397","@Rjdlandscapes @Erdayastronaut @SpaceX Thats our goal","Elon Musk","2021-03-17 01:21:16","6917","360","[]"
"1372437344851214339","44196397","Aspirationally acerbic alliteration -&gt; Bullshit baffles brains","Elon Musk","2021-03-18 06:38:56","92747","4976","[]"
"1372444955050971142","44196397","The simulation really struggled to make this look real haha","Elon Musk","2021-03-18 07:09:10","301294","14594","[]"
"1372658174319337472","44196397","@lexfridman Haha","Elon Musk","2021-03-18 21:16:26","17497","446","[]"
"1372658385896738817","44196397","@lexfridman Sometimes its about Doge","Elon Musk","2021-03-18 21:17:16","49661","3610","[]"
"1372688191803768840","44196397","First Super Heavy Booster","Elon Musk","2021-03-18 23:15:42","226107","14298","[]"
"1372695421487824903","44196397","@Erdayastronaut Yes, Booster 1 is a production pathfinder, figuring out how to build &amp; transport 70 meter tall stage. Booster 2 will fly.","Elon Musk","2021-03-18 23:44:26","13616","637","[]"
"1372697001633136646","44196397","@tobyliiiiiiiiii We will need launch tower for that. Hook height for the lift is ~140 m &amp; both booster &amp; ship need to be stabilized at stage separation joint.","Elon Musk","2021-03-18 23:50:43","5009","207","[]"
"1372724555047972869","44196397","@thejackbeyer @NASASpaceflight The high bay is measured to fit!","Elon Musk","2021-03-19 01:40:12","8154","206","[]"
"1372725108909957121","44196397","@melaniemadri @thejackbeyer @NASASpaceflight Floor is installed, elevator is operational, waiting on glass","Elon Musk","2021-03-19 01:42:24","3772","152","[]"
"1372739631846936581","44196397","","Elon Musk","2021-03-19 02:40:07","342757","23511","[]"
"1372792170147553292","44196397","@teslaownersSV","Elon Musk","2021-03-19 06:08:53","3191","126","[]"
"1372792458128412675","44196397","@jordanbpeterson What would you like to talk about?","Elon Musk","2021-03-19 06:10:01","54654","2102","[]"
"1372803636305137664","44196397","@remouherek @SciGuySpace As you can see, I have a long history with using tents!","Elon Musk","2021-03-19 06:54:27","8217","255","[]"
"1372808148369641476","44196397","@MoMoButFaster","Elon Musk","2021-03-19 07:12:22","22628","420","[]"
"1372812312936128513","44196397","@VinterNix @Bell Coming soon!","Elon Musk","2021-03-19 07:28:55","2235","80","[]"
"1372813161846439936","44196397","@RationalEtienne @jordanbpeterson We could talk about Life, the Universe and Everything","Elon Musk","2021-03-19 07:32:18","31114","1179","[]"
"1372826575293583366","44196397","@MarcusHouse The [ahem] reach-around","Elon Musk","2021-03-19 08:25:36","10594","276","[]"
"1373027383511412739","44196397","@Teslarati","Elon Musk","2021-03-19 21:43:32","9034","699","[]"
"1373132222555848713","44196397","@SpacexVision An orbital propellant depot optimized for cryogenic storage probably makes sense long-term","Elon Musk","2021-03-20 04:40:08","4699","228","[]"
"1373145910549483522","44196397","@WholeMarsBlog Given significant architectural changes, including fundamental improvements to pure vision, there is limited value to testing 8.x. Hoping to upload V9.0 &amp; button next month.","Elon Musk","2021-03-20 05:34:31","3885","343","[]"
"1373203066556588034","44196397","Music in zero gravity","Elon Musk","2021-03-20 09:21:38","391959","27013","[]"
"1373259076465950726","44196397","@TheBabylonBee","Elon Musk","2021-03-20 13:04:12","13046","350","[]"
"1373274941202735105","44196397","@OwenSparks_ I actually ate the sandwich haha!","Elon Musk","2021-03-20 14:07:14","41236","855","[]"
"1373301467440771074","44196397","@Erdayastronaut @Twitter @TwitterComms @verified @jack Sigh","Elon Musk","2021-03-20 15:52:39","11804","331","[]"
"1373467434380783626","44196397","@TeslaPhx @CodingMark @EvaFoxU @jrosinski97 @daelmor @piangfa @Kristennetten @jessica_kirsh @JC_finance @jeremyjudkins !","Elon Musk","2021-03-21 02:52:08","11612","302","[]"
"1373471097559994368","44196397","@TrungTPhan Wow, hard to believe that was 17 years ago!","Elon Musk","2021-03-21 03:06:42","7199","263","[]"
"1373489348960645120","44196397","@PPathole This is important","Elon Musk","2021-03-21 04:19:13","24195","759","[]"
"1373489931574673408","44196397","@SciGuySpace Not quite how I would tell the story, but its probably worth a read","Elon Musk","2021-03-21 04:21:32","2969","115","[]"
"1373490182117224448","44196397","@AtomicsAstro @PPathole Yeah, but Im English","Elon Musk","2021-03-21 04:22:32","1879","66","[]"
"1373490467807977475","44196397","@johnkrausphotos","Elon Musk","2021-03-21 04:23:40","1699","53","[]"
"1373490900807032840","44196397","@Swaggerheim @SciGuySpace Not trying to roast, just being as literal as possible","Elon Musk","2021-03-21 04:25:23","2038","66","[]"
"1373492611231535111","44196397","@CathieDWood When vast amounts of manufacturing are needed, as in robotaxis, this slows down rate of introduction, so maybe more like winner-takes-a-quarter. Still great.","Elon Musk","2021-03-21 04:32:11","6952","432","[]"
"1373507545315172357","44196397","@cleantechnica I am accumulating resources to help make life multiplanetary &amp; extend the light of consciousness to the stars","Elon Musk","2021-03-21 05:31:31","149282","12869","[]"
"1373555480870621188","44196397","@newscientist True","Elon Musk","2021-03-21 08:42:00","16339","407","[]"
"1373735946244431873","44196397","@NASASpaceflight Hopefully will happen this decade","Elon Musk","2021-03-21 20:39:07","8155","579","[]"
"1373819373090050048","44196397","@bluemoondance74 @NASASpaceflight Going well. Lot of work for an extra 20 secs of Isp!","Elon Musk","2021-03-22 02:10:37","3461","144","[]"
"1374157805406523397","44196397","@TheMarsSociety SpaceX is developing rockets needed to make life multiplanetary full &amp; rapid reusability at large scale. Even if SpaceX fails in that goal, the rockets will still be most advanced on Earth.Starlinks purpose is to provide Internet to the least served &amp; to pay for Mars.","Elon Musk","2021-03-23 00:35:26","15553","1226","[]"
"1374162070598475778","44196397","@WholeMarsBlog The new Plaid S is our best car ever. Will be first production car to achieve 0-60mph in under 2 secs &amp; it has four doors &amp; seats up to 7 people.","Elon Musk","2021-03-23 00:52:22","6743","588","[]"
"1374163576747884544","44196397","@arstechnica @SciGuySpace They are aiming too low. Only rockets that are fully &amp; rapidly reusable will be competitive. Everything else will seem like a cloth biplane in the age of jets.","Elon Musk","2021-03-23 00:58:22","7297","430","[]"
"1374163907976257536","44196397","@WholeMarsBlog I once did a road trip across most of US with 2 adults &amp; 5 kids in a Model S!","Elon Musk","2021-03-23 00:59:41","4312","192","[]"
"1374166458595340288","44196397","@lexfridman @AndrewYang !","Elon Musk","2021-03-23 01:09:49","9236","424","[]"
"1374167754404630528","44196397","Strongest argument against aliens","Elon Musk","2021-03-23 01:14:58","458633","43701","[]"
"1374170110206767105","44196397","@RenataKonkoly He was great on many levels","Elon Musk","2021-03-23 01:24:19","4733","211","[]"
"1374284021379731457","44196397","@flcnhvy @arstechnica @SciGuySpace SpaceX will be landing Starships on Mars well before 2030. The really hard threshold is making Mars Base Alpha self-sustaining.","Elon Musk","2021-03-23 08:56:58","8572","934","[]"
"1374605270706360323","44196397","@bindureddy You can basically learn anything on YouTube/Reddit","Elon Musk","2021-03-24 06:13:30","18269","1753","[]"
"1374607651380760581","44196397","@bindureddy And books haha","Elon Musk","2021-03-24 06:22:57","4029","179","[]"
"1374608805909045249","44196397","@WholeMarsBlog @joeys_lady @DrSej Yup","Elon Musk","2021-03-24 06:27:32","2221","68","[]"
"1374617643446063105","44196397","You can now buy a Tesla with Bitcoin","Elon Musk","2021-03-24 07:02:40","900850","115238","[]"
"1374619379929772034","44196397","Tesla is using only internal &amp; open source software &amp; operates Bitcoin nodes directly.Bitcoin paid to Tesla will be retained as Bitcoin, not converted to fiat currency.","Elon Musk","2021-03-24 07:09:34","179855","20494","[]"
"1374619672973221892","44196397","Pay by Bitcoin capability available outside US later this year","Elon Musk","2021-03-24 07:10:43","142022","9259","[]"
"1374621425466675205","44196397","@lexfridman","Elon Musk","2021-03-24 07:17:41","14063","337","[]"
"1374817387669676034","44196397","@EvaFoxU Wow, shame on ZDF Info!","Elon Musk","2021-03-24 20:16:22","16913","1713","[]"
"1374866022776250371","44196397","@blockfolio","Elon Musk","2021-03-24 23:29:38","77027","1811","[]"
"1374987902120206337","44196397","@dogecoinww @MattWallace888 @CorinnaKopf You raise a good point haha","Elon Musk","2021-03-25 07:33:56","8005","242","[]"
"1374989895039508481","44196397","@KimDotcom Fair point","Elon Musk","2021-03-25 07:41:51","9278","505","[]"
"1374991664280834054","44196397","Mars rover looking back","Elon Musk","2021-03-25 07:48:53","276027","16992","[]"
"1374993015811403778","44196397","@itsALLrisky @KimDotcom","Elon Musk","2021-03-25 07:54:15","3850","438","[]"
"1375031060753346564","44196397","Dont defy DeFi","Elon Musk","2021-03-25 10:25:26","176179","17133","[]"
"1375033181418573824","44196397","@universal_sci This comment thread is","Elon Musk","2021-03-25 10:33:51","3357","115","[]"
"1375033483148451842","44196397","If theres ever a scandal about me, *please* call it Elongate","Elon Musk","2021-03-25 10:35:03","772331","57333","[]"
"1375073328424124423","44196397","@JubanMohamed There will be no handles","Elon Musk","2021-03-25 13:13:23","8129","481","[]"
"1375212880790913025","44196397","@howlpolitically @TheOnion 1/2This article is false. - I arrived by myself in Canada in 89 with ~CA$2500- Paid my own way through college, ending with ~$100k student debt- Started 1st company with no funding &amp; just one computer I built- Theres no evidence whatsoever of an emerald mine","Elon Musk","2021-03-25 22:27:55","7588","819","[]"
"1375214071809642496","44196397","@howlpolitically @TheOnion 2/2My father &amp; his extended family have been dependent on financial support from my brother &amp; me for over 20 years. This article is actually accurate:","Elon Musk","2021-03-25 22:32:39","5225","508","[]"
"1375214332028444674","44196397","@TheOnion Shame on you, Onion. This is why people are switching to @TheBabylonBee!","Elon Musk","2021-03-25 22:33:41","19019","1289","[]"
"1375246591439691778","44196397","@SpaceXMR","Elon Musk","2021-03-26 00:41:52","3754","110","[]"
"1375360861557100545","44196397","@cleantechnica Solar has come a long way. Now just needs lots of long-life batteries!","Elon Musk","2021-03-26 08:15:57","7868","567","[]"
"1375361401447927810","44196397","@WholeMarsBlog I think there is a &gt;0% chance Tesla could be the biggest company","Elon Musk","2021-03-26 08:18:05","8295","854","[]"
"1375510416994967552","44196397","@SpaceXMR Heavy comes in more like a javelin. Similar to Falcon 9, but caught by the tower vs landing on legs.","Elon Musk","2021-03-26 18:10:13","5671","243","[]"
"1375531357976281096","44196397","@AdamSinger Haha","Elon Musk","2021-03-26 19:33:26","3393","78","[]"
"1375545176324734978","44196397","@Erdayastronaut @SpaceX @Blackmagic_News @andrutay @bstineman @SpacePadreIsle @considercosmos Standing down SN11 until probably Monday. Additional checkouts are needed. Doing our best to land &amp; fully recover.","Elon Musk","2021-03-26 20:28:21","15577","1117","[]"
"1375639898758209544","44196397","@waitbutwhy Great video","Elon Musk","2021-03-27 02:44:44","2871","100","[]"
"1375646062581575687","44196397","@ICannot_Enough @waitbutwhy We are too cell-constrained right now, but probably ok next year","Elon Musk","2021-03-27 03:09:14","2635","127","[]"
"1375647941675913221","44196397","@RationalEtienne @TwitterSupport @jack This appears to be widespread. I wonder who is doing it","Elon Musk","2021-03-27 03:16:42","3299","183","[]"
"1375652425814704128","44196397","Check out our new crane","Elon Musk","2021-03-27 03:34:31","588752","49891","[]"
"1375655960266616835","44196397","@AstroJordy Haha actually true","Elon Musk","2021-03-27 03:48:34","29386","468","[]"
"1375731674873483266","44196397","@cleantechnica This is crazy. Should use Tesla Megapacks for load-leveling the grid. More effective, more reliable and costs less.","Elon Musk","2021-03-27 08:49:25","10734","886","[]"
"1375909123246686212","44196397","@summerlinARK Its not really possible to match the human brain in 2021 for any amount of money imo, but it will be possible probably in a few years","Elon Musk","2021-03-27 20:34:32","3344","233","[]"
"1375909263655251971","44196397","@summerlinARK Sounds about right","Elon Musk","2021-03-27 20:35:06","1893","68","[]"
"1375909594195763200","44196397","@summerlinARK I wanna know when AI will be able to do standup comedy well!?","Elon Musk","2021-03-27 20:36:25","4112","254","[]"
"1375909807220228100","44196397","@summerlinARK We should be laughing our asses off if its so damn smart!","Elon Musk","2021-03-27 20:37:15","3602","164","[]"
"1376129545112260610","44196397","Wholesome memes","Elon Musk","2021-03-28 11:10:25","467235","37007","[]"
"1376143875312607235","44196397","@nbcsnl Nice","Elon Musk","2021-03-28 12:07:22","7420","286","[]"
"1376150241305563140","44196397","@ChitaGranger @frost_367 Who is","Elon Musk","2021-03-28 12:32:39","1770","43","[]"
"1376150517722791938","44196397","@PPathole @nbcsnl Trying","Elon Musk","2021-03-28 12:33:45","2748","105","[]"
"1376235871989551105","44196397","Possible Starship flight tomorrow afternoon","Elon Musk","2021-03-28 18:12:55","339930","18092","[]"
"1376558233624666120","44196397","FAA inspector unable to reach Starbase in time for launch today. Postponed to no earlier than tomorrow.","Elon Musk","2021-03-29 15:33:52","75113","3142","[]"
"1376651308732710914","44196397","@wapodavenport That would be great, or possibly via video with full access to telemetry","Elon Musk","2021-03-29 21:43:43","14302","410","[]"
"1376770871260504064","44196397","@Erdayastronaut Tracking to a potential 8am liftoff","Elon Musk","2021-03-30 05:38:49","20581","1213","[]"
"1376843024303583236","44196397","@Tesmanian_com Demand is no problem, but near-term cell supply makes it hard to scale Semi. This limitation will be less onerous next year.","Elon Musk","2021-03-30 10:25:32","13944","635","[]"
"1376889482067185676","44196397","@SpaceX A high production rate solves many ills","Elon Musk","2021-03-30 13:30:08","22738","1185","[]"
"1376889786762428421","44196397","@SpaceX At least the crater is in the right place!","Elon Musk","2021-03-30 13:31:21","29515","1921","[]"
"1376891464333017090","44196397","@SpaceX Looks like engine 2 had issues on ascent &amp; didnt reach operating chamber pressure during landing burn, but, in theory, it wasnt needed. Something significant happened shortly after landing burn start. Should know what it was once we can examine the bits later today.","Elon Musk","2021-03-30 13:38:01","24107","1925","[]"
"1376894241792737280","44196397","@Adamklotz_ @SpaceX SN15 rolls to launch pad in a few days. It has hundreds of design improvements across structures, avionics/software &amp; engine. Hopefully, one of those improvements covers this problem. If not, then retrofit will add a few more days.","Elon Musk","2021-03-30 13:49:03","11137","1015","[]"
"1376898630582419461","44196397","@Adamklotz_ @SpaceX Next major technology rev is at SN20. Those ships will be orbit-capable with heat shield &amp; stage separation system. Ascent success probability is high.However, SN20+ vehicles will probably need many flight attempts to survive Mach 25 entry heating &amp; land intact.","Elon Musk","2021-03-30 14:06:29","7296","666","[]"
"1376899417450635269","44196397","@CodingMark @Adamklotz_ @SpaceX More like V10.0","Elon Musk","2021-03-30 14:09:37","3899","110","[]"
"1376901399867441156","44196397","Please consider moving to Starbase or greater Brownsville/South Padre area in Texas &amp; encourage friends to do so! SpaceXs hiring needs for engineers, technicians, builders &amp; essential support personnel of all kinds are growing rapidly.","Elon Musk","2021-03-30 14:17:29","177908","17871","[]"
"1376902791906611200","44196397","@Adamklotz_ @SpaceX BN1 is a manufacturing pathfinder, so will be scrapped. We learned a lot, but have already changed design to BN2. Goal is to get BN2 with engines on orbital pad before end of April. It might even be orbit-capable if we are lucky.","Elon Musk","2021-03-30 14:23:01","6900","478","[]"
"1376903913564160002","44196397","Am donating $20M to Cameron County schools &amp; $10M to City of Brownsville for downtown revitalization. Details to follow next week.","Elon Musk","2021-03-30 14:27:29","353550","24792","[]"
"1376904492478791689","44196397","Probably most in space you could possibly feel by being in a glass dome","Elon Musk","2021-03-30 14:29:47","80503","5400","[]"
"1376906474459389952","44196397","@OwenSparks_ Agreed! Were not super far, as Magic Valley Utility can give us almost all wind-power, which will be used for LOX (78% of propellant mass)/N2/argon distillation. Were also aiming to increase solar power from 1MW to 10MW, paired with Tesla Megapacks, for continuous power.","Elon Musk","2021-03-30 14:37:39","5460","281","[]"
"1376906904358817796","44196397","@OwenSparks_ I sure hope so!","Elon Musk","2021-03-30 14:39:22","10990","181","[]"
"1376908285677297671","44196397","Starbase will grow by several thousand people over the next year or two","Elon Musk","2021-03-30 14:44:51","74723","3469","[]"
"1377020678453485573","44196397","@Erdayastronaut @LabPadre Barely a scratch. :)Back on the stand soon!Will report conclusions as soon as we know them.","Elon Musk","2021-03-30 22:11:28","13623","406","[]"
"1377025458055811078","44196397","@jdeshetler @NASASpaceflight @SpaceX @BocaChicaGal Can be a little foggy sometimes :)","Elon Musk","2021-03-30 22:30:27","23280","486","[]"
"1377340744340361216","44196397","Over 10,000 people are needed for Giga Texas just through 2022!- 5 mins from airport-15 mins from downtown- Right on Colorado river","Elon Musk","2021-03-31 19:23:17","104187","12244","[]"
"1377404175777026054","44196397","@lexfridman True","Elon Musk","2021-03-31 23:35:21","16439","348","[]"
"1377544973722079233","44196397","@waitbutwhy !!","Elon Musk","2021-04-01 08:54:49","10630","282","[]"
"1377567369191583752","44196397","Nicheman his superpower is appealing to small audiences","Elon Musk","2021-04-01 10:23:49","87379","4202","[]"
"1377567762919292938","44196397","SpaceX is going to put a literal Dogecoin on the literal moon","Elon Musk","2021-04-01 10:25:23","541980","51594","[]"
"1377595268976140291","44196397","@FrancisSuarez @boringcompany @alexDLPmiami Glad you enjoyed the experience!","Elon Musk","2021-04-01 12:14:41","3574","127","[]"
"1377596011774808069","44196397","@thesheetztweetz After all, SpaceXs first payload to orbit &amp; back was a wheel of cheese","Elon Musk","2021-04-01 12:17:38","23786","991","[]"
"1377901867313688578","44196397","@teslaownersSV @Tesla","Elon Musk","2021-04-02 08:33:00","43352","703","[]"
"1378063008795041795","44196397","@Gfilche Major new Supercharger station coming to Santa Monica soon! Hoping to have 50s diner &amp; 100 best movie clips playing too. Thanks Santa Monica city!","Elon Musk","2021-04-02 19:13:19","22551","963","[]"
"1378139804647313411","44196397","@TrungTPhan Had no money to invest in Zip2, but my founder equity yielded ~$15M after tax. Of that, I rolled ~$10M into PayPal, which yielded ~$180M, then Basic principle is that I would not ask investors to risk money on my company if I would not also do so.","Elon Musk","2021-04-03 00:18:28","8406","950","[]"
"1378203527219183619","44196397","Me in my sick new car(left him the money)","Elon Musk","2021-04-03 04:31:41","255092","12154","[]"
"1378220267336503296","44196397","@GerberKawasaki I fried a lot of neurons on that problem!","Elon Musk","2021-04-03 05:38:12","41256","902","[]"
"1378308850726678528","44196397","@allrocketsboi True","Elon Musk","2021-04-03 11:30:12","37723","697","[]"
"1378513398044971009","44196397","No it doesnt hurt at all","Elon Musk","2021-04-04 01:03:00","441933","40379","[]"
"1378594549086482432","44196397","Austin++","Elon Musk","2021-04-04 06:25:28","142059","6377","[]"
"1378661987324993542","44196397","Urgent need to build more housing in greater Austin area!","Elon Musk","2021-04-04 10:53:26","64949","2392","[]"
"1378775743115694085","44196397","@katlinegrey This a good path, but I recommend aiming for full reusability","Elon Musk","2021-04-04 18:25:28","11699","347","[]"
"1378836183745191936","44196397","@PPathole @katlinegrey For practical purposes, there is no limit. It will just get increasingly difficult to service.","Elon Musk","2021-04-04 22:25:38","2819","126","[]"
"1378836600881352706","44196397","@tobyliiiiiiiiii @katlinegrey I recommend propulsive landing, as that is extensible to planets, moons &amp; asteroids. Wings &amp; runways are limited to Earth.","Elon Musk","2021-04-04 22:27:17","2612","131","[]"
"1378836915420602372","44196397","@HamblinZeke @katlinegrey Haha Falcon? Nein!","Elon Musk","2021-04-04 22:28:32","1142","41","[]"
"1378838922244063237","44196397","@floko12022021 @HamblinZeke @katlinegrey Ich habe ein Semester Deutsch an der Universitt studiert usw","Elon Musk","2021-04-04 22:36:31","2886","130","[]"
"1378896089760337922","44196397","@TerminalCount One of the greatest things Ive ever seen","Elon Musk","2021-04-05 02:23:41","7183","256","[]"
"1378900127402852352","44196397","@TerminalCount The Starships feast in Valhalla!","Elon Musk","2021-04-05 02:39:43","16045","510","[]"
"1379018148570091522","44196397","Godzilla vs Kong is so amaze much wow!Most insane movie Ive ever seen!Love letter to conspiracy theorists!And yet heartwarming in the end.","Elon Musk","2021-04-05 10:28:42","218219","14225","[]"
"1379022709737275393","44196397","@spacex360 Ascent phase, transition to horizontal &amp; control during free fall were good. A (relatively) small CH4 leak led to fire on engine 2 &amp; fried part of avionics, causing hard start attempting landing burn in CH4 turbopump. This is getting fixed 6 ways to Sunday.","Elon Musk","2021-04-05 10:46:49","13833","906","[]"
"1379022958157512705","44196397","@EvaFoxU Last Kingdom vs Vikings","Elon Musk","2021-04-05 10:47:48","5822","150","[]"
"1379023352480866304","44196397","@EvaFoxU Those two really could have come in handy for the stuck ship!","Elon Musk","2021-04-05 10:49:22","11437","200","[]"
"1379026401341419520","44196397","The Earth is not flat, its a hollow globe &amp; Donkey King lives there!","Elon Musk","2021-04-05 11:01:29","289424","22482","[]"
"1379027422423695363","44196397","@EvaFoxU Nice","Elon Musk","2021-04-05 11:05:33","11717","174","[]"
"1379031071732416514","44196397","@Teslarati @ResidentSponge Great work by Tesla team!","Elon Musk","2021-04-05 11:20:03","13216","505","[]"
"1379031412288974852","44196397","@shbzz Obv","Elon Musk","2021-04-05 11:21:24","16234","432","[]"
"1379033568882663426","44196397","@Teslarati @ResidentSponge Special mention of Tesla China","Elon Musk","2021-04-05 11:29:58","6164","228","[]"
"1379055622042353667","44196397","@Thomas38697956 New &amp; improved version!","Elon Musk","2021-04-05 12:57:36","15395","375","[]"
"1379229987115515907","44196397","@ID_AA_Carmack Some kind of ELO level, updated once or twice a year based on what someone actually got done, might be most effective. Important that it go both up *and* down.","Elon Musk","2021-04-06 00:30:28","9476","359","[]"
"1379258463386284038","44196397","@CathieDWood @wintonARK @ARKInvest What do you think of the unusually high ratio of S&amp;P market cap to GDP?","Elon Musk","2021-04-06 02:23:37","16996","975","[]"
"1379516358040244225","44196397","Tanks for the memery! Panzer of the Lake","Elon Musk","2021-04-06 19:28:24","134994","5195","[]"
"1379744947453054981","44196397","@flcnhvy They will be recovered from the water &amp; reused","Elon Musk","2021-04-07 10:36:44","2608","121","[]"
"1379745815678230529","44196397","@louisssdev @flcnhvy Coming soon. Crazy number of launches this year!","Elon Musk","2021-04-07 10:40:11","4223","254","[]"
"1379871391957184515","44196397","@WholeMarsBlog Well-written and fair, much like his articles on space","Elon Musk","2021-04-07 18:59:11","2832","121","[]"
"1379874956343828485","44196397","@PPathole Starship booster, largest flying object ever designed, will be caught out of sky by launch tower. Big step forward, as reflight can be done in under an hour.","Elon Musk","2021-04-07 19:13:21","38366","1582","[]"
"1379876450744995843","44196397","@_Jevis_ @PPathole Ideal scenario imo is catching Starship in horizontal glide with no landing burn, although that is quite a challenge for the tower! Next best is catching with tower, with emergency pad landing mode on skirt (no legs).","Elon Musk","2021-04-07 19:19:17","3267","219","[]"
"1379876763807850496","44196397","@Julius_Burton @Erdayastronaut @DJSnM @NASASpaceflight @ChrisG_NSF @thejackbeyer @FelixSchlang Nice","Elon Musk","2021-04-07 19:20:32","2757","70","[]"
"1379880518250983425","44196397","@SciGuySpace Global payload to orbit is the key metric","Elon Musk","2021-04-07 19:35:27","8420","247","[]"
"1379880889383972865","44196397","@DavidWillisSLS @_Jevis_ @PPathole Needs legs for moon &amp; Mars","Elon Musk","2021-04-07 19:36:55","3988","160","[]"
"1379887294933467139","44196397","To be clear, I do support vaccines in general &amp; covid vaccines specifically. The science is unequivocal. In very rare cases, there is an allergic reaction, but this is easily addressed with an EpiPen.","Elon Musk","2021-04-07 20:02:22","197098","14804","[]"
"1379887880504365057","44196397","@IvanEscobosa Latter","Elon Musk","2021-04-07 20:04:42","4865","63","[]"
"1379889077185519617","44196397","@jgrano305 Probably J&amp;J, but BioNtech &amp; Moderna are good too. Some debate imo as to whether a second synthetic mRNA shot is really needed, but the first is a no-brainer.","Elon Musk","2021-04-07 20:09:27","5664","272","[]"
"1379889495558905856","44196397","@MarkJam93765764 @IvanEscobosa A tidal wave of vaccine is being produced!","Elon Musk","2021-04-07 20:11:07","3045","96","[]"
"1380093374833729537","44196397","Thanks Tesla suppliers for providing us with critical parts!","Elon Musk","2021-04-08 09:41:16","189744","6213","[]"
"1380258637977804801","44196397","@WatchersTank @SpaceX Just one skyscraper catching another nbd haha","Elon Musk","2021-04-08 20:37:57","5536","253","[]"
"1380259201436422145","44196397","@jordanxmajel @WatchersTank @SpaceX Load points just below the grid fins","Elon Musk","2021-04-08 20:40:12","2065","78","[]"
"1380260058026532864","44196397","@jordanxmajel @WatchersTank @SpaceX Shock absorption is built into tower arms. Since tower is ground side, it can use a lot more mass to arrest booster downward momentum.","Elon Musk","2021-04-08 20:43:36","2379","118","[]"
"1380260488299180035","44196397","@dogeofficialceo @WatchersTank @SpaceX Looking at pups soon!","Elon Musk","2021-04-08 20:45:19","4214","487","[]"
"1380313600187719682","44196397","Monkey plays Pong with his mind","Elon Musk","2021-04-09 00:16:21","135429","15773","[]"
"1380314267077894148","44196397","@tobyliiiiiiiiii Sure","Elon Musk","2021-04-09 00:19:00","4710","100","[]"
"1380314485324308482","44196397","@IheartTesla @neuralink Hopefully, later this year","Elon Musk","2021-04-09 00:19:52","4367","194","[]"
"1380315654524301315","44196397","First @Neuralink product will enable someone with paralysis to use a smartphone with their mind faster than someone using thumbs","Elon Musk","2021-04-09 00:24:31","177462","20401","[]"
"1380315879091544064","44196397","@mindofkacper @neuralink Yes","Elon Musk","2021-04-09 00:25:25","4239","94","[]"
"1380316949087854595","44196397","Later versions will be able to shunt signals from Neuralinks in brain to Neuralinks in body motor/sensory neuron clusters, thus enabling, for example, paraplegics to walk again","Elon Musk","2021-04-09 00:29:40","82886","6172","[]"
"1380334229016305666","44196397","@IheartTesla Absolutely doable. Possibly as soon as Neuralink device version 2, highly likely by version 3.","Elon Musk","2021-04-09 01:38:20","2718","150","[]"
"1380334998524321792","44196397","The device is implanted flush with skull &amp; charges wirelessly, so you look &amp; feel totally normal","Elon Musk","2021-04-09 01:41:23","55796","2797","[]"
"1380335069580038145","44196397","@lexfridman @neuralink Yes","Elon Musk","2021-04-09 01:41:40","7106","168","[]"
"1380336699847233537","44196397","A monkey is literally playing a video game telepathically using a brain chip!!","Elon Musk","2021-04-09 01:48:09","82283","5143","[]"
"1380354140241494016","44196397","@TarekWaked @TechCrunch @etherington Pretty much Great episode!","Elon Musk","2021-04-09 02:57:27","2364","70","[]"
"1380355094848307204","44196397","@Kyler_Knoll @neuralink Comes with wireless charging baseball cap","Elon Musk","2021-04-09 03:01:15","6114","181","[]"
"1380356292850540546","44196397","@thenewsoncnbc @contessabrewer Good piece!","Elon Musk","2021-04-09 03:06:00","6629","221","[]"
"1380372826071330817","44196397","Soon our monkey will be on twitch &amp; discord haha","Elon Musk","2021-04-09 04:11:42","230076","11731","[]"
"1380423408542904326","44196397","","Elon Musk","2021-04-09 07:32:42","352007","35151","[]"
"1380424061105266695","44196397","@mikevanbus @TrungTPhan @neuralink Pretty much","Elon Musk","2021-04-09 07:35:17","1687","40","[]"
"1380424218261692418","44196397","@TeslaGong Yeah","Elon Musk","2021-04-09 07:35:55","3063","75","[]"
"1380480918243090433","44196397","Just read it. Book is accurate.","Elon Musk","2021-04-09 11:21:13","58848","3847","[]"
"1380481743531089924","44196397","Thanks to all that helped SpaceX!","Elon Musk","2021-04-09 11:24:30","37557","1059","[]"
"1380599694154362882","44196397","@WholeMarsBlog Almost ready with FSD Beta V9.0. Step change improvement is massive, especially for weird corner cases &amp; bad weather. Pure vision, no radar.","Elon Musk","2021-04-09 19:13:12","5329","662","[]"
"1380599983481577472","44196397","@cleantechnica Congrats to NIO. That is a tough milestone.","Elon Musk","2021-04-09 19:14:21","30214","1972","[]"
"1380606296945135617","44196397","@w00ki33 @SpaceX @SuperclusterHQ Simulation is improving rendering resolution","Elon Musk","2021-04-09 19:39:26","4974","191","[]"
"1380606694816800768","44196397","@OwenSparks_ @WholeMarsBlog Remove","Elon Musk","2021-04-09 19:41:01","2396","117","[]"
"1380606725380706304","44196397","@OwenSparks_ @WholeMarsBlog It will","Elon Musk","2021-04-09 19:41:08","2119","59","[]"
"1380647165597339650","44196397","@chicago_glenn I feel like this sometimes","Elon Musk","2021-04-09 22:21:50","2297","69","[]"
"1380647716959645700","44196397","Its all about the cufflinks","Elon Musk","2021-04-09 22:24:01","346091","26815","[]"
"1380680228230426625","44196397","@teslaownersSV @neuralink Turns out love video games &amp; snacks just like us!","Elon Musk","2021-04-10 00:33:12","37958","1238","[]"
"1380688087697612802","44196397","@Adamklotz_ @OwenSparks_ @WholeMarsBlog Yup","Elon Musk","2021-04-10 01:04:26","1301","30","[]"
"1380688750179586049","44196397","@AustinTeslaClub @OwenSparks_ @WholeMarsBlog Good point. Next major software rev will do much better with automating wipers, seat heating &amp; defrost. Probable seat settings just based on occupant mass distribution should be possible.","Elon Musk","2021-04-10 01:07:04","2587","141","[]"
"1380772975733923841","44196397","Where is Shrek 5!?","Elon Musk","2021-04-10 06:41:45","276215","25797","[]"
"1380773639038111751","44196397","@memescryptor !","Elon Musk","2021-04-10 06:44:23","4203","102","[]"
"1380775355502317568","44196397","@TimBirks1 @Erdayastronaut @SpaceX Pretty much","Elon Musk","2021-04-10 06:51:12","2129","53","[]"
"1380780669895208961","44196397","@Matsu_Kusarine @jagarikin Actually happened to me in Cyberpunk haha","Elon Musk","2021-04-10 07:12:20","10072","430","[]"
"1380781539647053826","44196397","going to moon very soon","Elon Musk","2021-04-10 07:15:47","548377","45689","[]"
"1380783907096850433","44196397","@itsALLrisky","Elon Musk","2021-04-10 07:25:11","9024","642","[]"
"1380784868729122818","44196397","Kong vs Godzilla has record for most meth ever consumed in a writers room","Elon Musk","2021-04-10 07:29:01","181391","14436","[]"
"1380785053542666242","44196397","But wait how is the core of the earth lit by the sun? Stop asking questions!!","Elon Musk","2021-04-10 07:29:45","71679","2616","[]"
"1380788934905503744","44196397","The Starship launch tower that catches the giant rocket booster is basically Mechazilla","Elon Musk","2021-04-10 07:45:10","84741","3560","[]"
"1380788962558496768","44196397","Just needs some legs","Elon Musk","2021-04-10 07:45:17","49653","1350","[]"
"1380789209582034944","44196397","@WholeMarsBlog This is a major problem!","Elon Musk","2021-04-10 07:46:16","1691","93","[]"
"1380796939151704071","44196397","@WholeMarsBlog When radar and vision disagree, which one do you believe? Vision has much more precision, so better to double down on vision than do sensor fusion.","Elon Musk","2021-04-10 08:16:58","3529","289","[]"
"1380798469862957057","44196397","@WholeMarsBlog Sensors are a bitstream and cameras have several orders of magnitude more bits/sec than radar (or lidar). Radar must meaningfully increase signal/noise of bitstream to be worth complexity of integrating it. As vision processing gets better, it just leaves radar far behind.","Elon Musk","2021-04-10 08:23:03","3502","276","[]"
"1380800869382320134","44196397","@tesla_adri @WholeMarsBlog These things are best thought of as probabilities. There are 5 forward-facing cameras. It is highly likely that at least one of them will see multiple cars ahead.","Elon Musk","2021-04-10 08:32:35","2483","115","[]"
"1380970491356225536","44196397","@alexellisuk Pretty much","Elon Musk","2021-04-10 19:46:36","8758","230","[]"
"1380971204299747328","44196397","@DrPhiltill Good thread","Elon Musk","2021-04-10 19:49:26","4967","164","[]"
"1380979481309945856","44196397","@engineers_feed Due to lower gravity, you can travel from surface of Mars to surface of Earth fairly easily with a single stage rocket. Earth to Mars is vastly harder.","Elon Musk","2021-04-10 20:22:20","49767","1956","[]"
"1381006333864861696","44196397","Blimps rock","Elon Musk","2021-04-10 22:09:02","181559","7474","[]"
"1381032333126500355","44196397","@DeltavPhotos @PortCanaveral That rocket is a hardcore veteran of many missions","Elon Musk","2021-04-10 23:52:21","12844","314","[]"
"1381032961814892545","44196397","@WholeMarsBlog If you dont say anything &amp; engage Autopilot, it will soon guess based on time of day, taking you home or to work or to whats on your calendar","Elon Musk","2021-04-10 23:54:51","2693","202","[]"
"1381033434806542336","44196397","@seinfeldguru @WholeMarsBlog Nope haha","Elon Musk","2021-04-10 23:56:43","2874","68","[]"
"1381129584435818496","44196397","@itsALLrisky","Elon Musk","2021-04-11 06:18:47","8862","650","[]"
"1381221447322935303","44196397","The art In Cyberpunk is incredible","Elon Musk","2021-04-11 12:23:49","275465","11970","[]"
"1381258144916008964","44196397","@agnostoxxx @CathieDWood @ARKInvest Trust the shrub","Elon Musk","2021-04-11 14:49:38","2091","72","[]"
"1381273076709478403","44196397","Love this beautiful shot","Elon Musk","2021-04-11 15:48:58","94985","2170","[]"
"1381273474400800773","44196397","@vincent13031925 For now. Costs are decreasing rapidly.","Elon Musk","2021-04-11 15:50:33","18243","511","[]"
"1382052264802721792","44196397","@Erdayastronaut @Tesla Tesla is building up collision repair capability to help address the grief that you went through, but usually insurance companies make you go their approved collision repair partners. Tesla Insurance will make it smooth sailing.","Elon Musk","2021-04-13 19:25:11","26915","1170","[]"
"1382131928619495429","44196397","@Erdayastronaut @Tesla Absolutely","Elon Musk","2021-04-14 00:41:45","6086","203","[]"
"1382239304097824768","44196397","@PPathole @SpaceX @Tesla True. Ancient times Had to flip CPU registers explicitly, as computer was so slow.","Elon Musk","2021-04-14 07:48:25","46574","1139","[]"
"1382239892445401089","44196397","@PPathole @SpaceX @Tesla That was my night job. Day job was working on ruthenium-tantalum ultracapacitors at Pinnacle Research.","Elon Musk","2021-04-14 07:50:45","5223","262","[]"
"1382255613665701894","44196397","@eugenelee3 @PPathole @SpaceX @Tesla Yeah, not scalable. My grad student idea was to try to use advanced chip making equipment to create high energy density capacitors accurate to molecular level.","Elon Musk","2021-04-14 08:53:14","2421","105","[]"
"1382257741540954114","44196397","@AstroJordy @PPathole @SpaceX @Tesla That version of Falcon 1 never flew, so must be ~2004. The CAD looks so simple! I think we were still using SolidWorks back then.","Elon Musk","2021-04-14 09:01:41","3578","149","[]"
"1382268009851457537","44196397","@PPathole @SwiftOnSecurity Getting there","Elon Musk","2021-04-14 09:42:29","5875","268","[]"
"1382362117211189253","44196397","@ashleevance Maybe its about how you use it","Elon Musk","2021-04-14 15:56:26","14500","483","[]"
"1382363126117539847","44196397","@ErcXspace @SpaceX 69th Raptor engine coming soon","Elon Musk","2021-04-14 16:00:26","34606","1147","[]"
"1382452890468421632","44196397","Tesla AI/Autopilot engineering is awesome! Making excellent progress solving real-world AI.","Elon Musk","2021-04-14 21:57:08","131766","7174","[]"
"1382453719585808384","44196397","@melaniemadri Probably late July","Elon Musk","2021-04-14 22:00:26","6202","307","[]"
"1382454243810963460","44196397","@jrosinski97 Will investigate","Elon Musk","2021-04-14 22:02:31","2416","73","[]"
"1382458022367162370","44196397","@F9Block5 Major improvements are being made to the vision stack every week. Beta button hopefully next month.This is a march of 9s trying to get probability of no injury above 99.999999% of miles for city driving. Production Autopilot is already above that for highway driving.","Elon Musk","2021-04-14 22:17:32","5017","428","[]"
"1382458463624724480","44196397","@BLKMDL3 @F9Block5 Same timing","Elon Musk","2021-04-14 22:19:17","1745","77","[]"
"1382458594352713728","44196397","@dogeofficialceo @F9Block5","Elon Musk","2021-04-14 22:19:48","1745","267","[]"
"1382459271774834690","44196397","@cliffski @F9Block5 Hopefully addressed this summer","Elon Musk","2021-04-14 22:22:29","2081","81","[]"
"1382460531550785541","44196397","@WholeMarsBlog Button timing of May is aspirational. Depends on how well limited beta of V9.0 goes, but I would be surprised if wide beta (aka button) is later than June. FSD subscription next month is a sure thing.","Elon Musk","2021-04-14 22:27:30","2934","266","[]"
"1382461904128339968","44196397","@AstroJordy @dogeofficialceo @F9Block5 Insanely cute!","Elon Musk","2021-04-14 22:32:57","2602","180","[]"
"1382462502831738887","44196397","@Teslarati I found some footage of the drive","Elon Musk","2021-04-14 22:35:20","9468","624","[]"
"1382467430614667265","44196397","@AustinTeslaClub @TslaCC @teslaquadcities @teslaownersvn @SjvTesla @TeslaOwnersEBay @CodingMark @billhuang688 @gailalfa1 @Tesla","Elon Musk","2021-04-14 22:54:55","4336","272","[]"
"1382474118050639879","44196397","@andyweedman @karpathy @DirtyTesla Stop In the Name of Love!","Elon Musk","2021-04-14 23:21:29","4501","144","[]"
"1382476365727887361","44196397","@janixos @ErcXspace @SpaceX Actually, yes. And Red Rocket truck stop.","Elon Musk","2021-04-14 23:30:25","2047","76","[]"
"1382480900257058818","44196397","@SpaceXMR Soon it will be real","Elon Musk","2021-04-14 23:48:26","13829","441","[]"
"1382539825421582339","44196397","","Elon Musk","2021-04-15 03:42:35","330334","40213","[]"
"1382540937700671488","44196397","Le Petit Prince","Elon Musk","2021-04-15 03:47:00","91415","4078","[]"
"1382549229726498821","44196397","@RationalEtienne @F9Block5 While perhaps obvious in hindsight, it turns out that the only way to solve self-driving is to solve a big part of real-world AI. That is what Tesla is doing, both in hardware &amp; software.Unless a company is good at AI with tight compute, its hopeless. This is insanely hard.","Elon Musk","2021-04-15 04:19:57","3135","361","[]"
"1382551451185131522","44196397","@WSBChairman Doge Barking at the Moon Miro","Elon Musk","2021-04-15 04:28:47","20887","2647","[]"
"1382552587099062272","44196397","Doge Barking at the Moon","Elon Musk","2021-04-15 04:33:18","335345","50767","[]"
"1382553963166326785","44196397","@billhuang688 @RationalEtienne @F9Block5 Certainly one of the largest. A company whose name rhymes with Shmoogle is pretty far ahead. But I think were the leader in shallow-minded AI haha!","Elon Musk","2021-04-15 04:38:46","5280","318","[]"
"1382582177943015431","44196397","@austinbarnard45 Aiming to launch next week","Elon Musk","2021-04-15 06:30:53","12782","777","[]"
"1382724076330917893","44196397","@lexfridman One of many reasons that we need to make life multiplanetary!","Elon Musk","2021-04-15 15:54:44","49619","2612","[]"
"1382803612829581317","44196397","@sadiaslayy @DogecoinBets","Elon Musk","2021-04-15 21:10:47","40905","3598","[]"
"1382839546484641794","44196397","@thesheetztweetz This is accurate. Service uptime, bandwidth &amp; latency are improving rapidly. Probably out of beta this summer.","Elon Musk","2021-04-15 23:33:34","8437","383","[]"
"1382842277719003136","44196397","@Erdayastronaut @thesheetztweetz Yeah, should be fully mobile later this year, so you can move it anywhere or use it on an RV or truck in motion. We need a few more satellite launches to achieve compete coverage &amp; some key software upgrades.","Elon Musk","2021-04-15 23:44:25","8445","585","[]"
"1382858937792307202","44196397","Make life multiplanetary! #Mars","Elon Musk","2021-04-16 00:50:37","325092","29686","['Mars']"
"1382874560433778695","44196397","@Model3Owners I was just there, driving Cybertruck around the site where it will be built!","Elon Musk","2021-04-16 01:52:42","17278","813","[]"
"1382876290663927808","44196397","@Model3Owners Limited production of Model Y this year, high volume next year","Elon Musk","2021-04-16 01:59:34","4734","230","[]"
"1382876456401833989","44196397","@Model3Owners Same with Berlin","Elon Musk","2021-04-16 02:00:14","4135","188","[]"
"1382879908645392384","44196397","Austin Rocks!!","Elon Musk","2021-04-16 02:13:57","165483","9597","[]"
"1383103246470811652","44196397","","Elon Musk","2021-04-16 17:01:25","258997","26954","[]"
"1383177151541743621","44196397","NASA Rules!!","Elon Musk","2021-04-16 21:55:05","185360","17300","[]"
"1383182615411232770","44196397","We are honored to be part of the @NASAArtemis team","Elon Musk","2021-04-16 22:16:48","74453","3385","[]"
"1383233200885882885","44196397","Everything to the moon!","Elon Musk","2021-04-17 01:37:48","562511","66387","[]"
"1383273199211667457","44196397","@neuralink @shivon Great review! Neuralink is open to working with neuroscientists to advance the field. Short-term goal is addressing brain &amp; spine problems. Ultimate goal is symbiosis of human &amp; machine intelligence.","Elon Musk","2021-04-17 04:16:45","10892","937","[]"
"1383280704042127363","44196397","If we make life multiplanetary, there may come a day when some plants &amp; animals die out on Earth, but are still alive on Mars","Elon Musk","2021-04-17 04:46:34","234204","18928","[]"
"1383281856984936450","44196397","@WhatsupFranks Great progress by Tesla team","Elon Musk","2021-04-17 04:51:09","8621","311","[]"
"1383295895043600384","44196397","Dragon spacecraft &amp; Falcon 9 rocket","Elon Musk","2021-04-17 05:46:56","221349","15948","[]"
"1383548841438236674","44196397","Tesla with Autopilot engaged now approaching 10 times lower chance of accident than average vehicle","Elon Musk","2021-04-17 22:32:03","160653","18645","[]"
"1383550753956982787","44196397","@WholeMarsBlog Essentially, passive Autopilot (car intervenes only when crash probability is high) cuts crashes in half. Active Autopilot (car is driving itself) cuts crashes in half again. Doesnt mean there are no crashes, but, on balance, Autopilot is unequivocally safer.","Elon Musk","2021-04-17 22:39:39","2891","305","[]"
"1383552252871200770","44196397","@WholeMarsBlog Passive Autopilot (sometimes called active safety) comes standard on all Teslas","Elon Musk","2021-04-17 22:45:36","4545","302","[]"
"1383888245902118918","44196397","@flcnhvy","Elon Musk","2021-04-18 21:00:43","7394","273","[]"
"1383966077344894979","44196397","@teslaownersSV @SpaceX @NASA @considercosmos Support for humanitys future in space is super appreciated. Lets make the sci-fi future we want real!","Elon Musk","2021-04-19 02:10:00","18549","1502","[]"
"1384254194975010826","44196397","@Amart15416132 @WSJ Your research as a private individual is better than professionals @WSJ! Data logs recovered so far show Autopilot was not enabled &amp; this car did not purchase FSD.Moreover, standard Autopilot would require lane lines to turn on, which this street did not have.","Elon Musk","2021-04-19 21:14:52","21494","3547","[]"
"1384345960495468548","44196397","@NASA Awesome!","Elon Musk","2021-04-20 03:19:31","63888","2151","[]"
"1384346182399401991","44196397","@WholeMarsBlog Exactly","Elon Musk","2021-04-20 03:20:24","8630","507","[]"
"1384576909724459009","44196397","@GerberKawasaki","Elon Musk","2021-04-20 18:37:14","33539","2972","[]"
"1384579374607831042","44196397","@RenataKonkoly @GerberKawasaki Hell of a coincidence haha","Elon Musk","2021-04-20 18:47:01","8194","812","[]"
"1384580105649885188","44196397","@kimpaquette NHTSA is great","Elon Musk","2021-04-20 18:49:56","8117","326","[]"
"1384589614447423493","44196397","@kimpaquette New FSD rendering approach coming that better represents NN probability vector space","Elon Musk","2021-04-20 19:27:43","8206","362","[]"
"1384589753236922374","44196397","@JohnnaCrider1 !!","Elon Musk","2021-04-20 19:28:16","10432","347","[]"
"1384590783504818178","44196397","@Liv_Boeree @TheBabylonBee Haha true","Elon Musk","2021-04-20 19:32:21","3214","167","[]"
"1384716322756386819","44196397","@PPathole @Tesla @SpaceX I could get a job, just not at an Internet company (werent many back then)","Elon Musk","2021-04-21 03:51:12","92182","2648","[]"
"1384718706014441475","44196397","@teslaownersSV cgi irl!","Elon Musk","2021-04-21 04:00:41","10916","429","[]"
"1384892295137333252","44196397","@TeslaNY Sandy Munro knows what hes talking about","Elon Musk","2021-04-21 15:30:27","17054","744","[]"
"1385011236270526464","44196397","@wintonARK Did you buy a Powerwall? Utility permission is required for flowing electricity back to grid, but usually not if stored in our battery. This also enables 24/7 electricity security for your home.Utility permission is still needed for when Powerwall is full &amp; can stabilize grid.","Elon Musk","2021-04-21 23:23:05","5588","254","[]"
"1385042598692147204","44196397","Starting next week, Tesla Solar Panels &amp; Solar Roof will only be sold as an integrated product *with* Tesla Powerwall battery","Elon Musk","2021-04-22 01:27:43","127387","8389","[]"
"1385048499415183360","44196397","Solar power will feed exclusively to Powerwall. Powerwall will interface only between utility meter &amp; house main breaker panel, enabling super simple install &amp; seamless whole house backup during utility dropouts.","Elon Musk","2021-04-22 01:51:09","56589","2667","[]"
"1385099771220688906","44196397","Powerwall 2 peak &amp; steady power capability is better than advertised. Now that we have lots of operational data, Tesla can unlock higher capabilities for free via software update next month. Depending on production date, power increase power may be &gt;50% at 30C ambient temp.","Elon Musk","2021-04-22 05:14:54","27894","1271","[]"
"1385105599608672257","44196397","@annerajb Newest units can probably do as much as 10kW continuous &amp; double that in peak power at 30C ambient temp.In house power vernacular, this translates to ~80LRA (soft start of 3.5 ton HVAC). Two Powerwalls would double this, three would triple, etc.","Elon Musk","2021-04-22 05:38:03","1597","95","[]"
"1385106006141587459","44196397","@ValaAfshar Very important. Most people dont know this. Wind is also super cheap, especially when paired with batteries.","Elon Musk","2021-04-22 05:39:40","6034","562","[]"
"1385107878055317509","44196397","@jack True","Elon Musk","2021-04-22 05:47:06","11935","1156","[]"
"1385108424761872387","44196397","Tesla Solar + Powerwall battery enables consumers to be their own utility","Elon Musk","2021-04-22 05:49:17","173509","11478","[]"
"1385111636810240002","44196397","@JohnnaCrider1 @WholeMarsBlog If Tesla owners are conspiracy theorists, then it would be fair to call them advertising salespeople masquerading as truthtellers. If thats an unfair criticism, a simple rebuttal would be to show their articles per fatality for all automakers. Tesla is ~0.02% of deaths","Elon Musk","2021-04-22 06:02:03","3724","411","[]"
"1385112605014908933","44196397","@OwenSparks_ @AstroJordy @neuralink","Elon Musk","2021-04-22 06:05:53","2402","91","[]"
"1385209666909659140","44196397","@28delayslater Does seem a little weird","Elon Musk","2021-04-22 12:31:35","11921","684","[]"
"1385327759665270788","44196397","@AstroJordy Im staying at a friends place in Florida that is 85% powered by Tesla Solar Roof + Powerwall. When grid power goes down, air-conditioning automatically turns off in some of the house. Computers &amp; lights dont even flicker. Owner says he doesnt notice.","Elon Musk","2021-04-22 20:20:50","3661","282","[]"
"1385335321370431488","44196397","@jhall","Elon Musk","2021-04-22 20:50:53","1780","80","[]"
"1385335728801001472","44196397","@hnshah Haha","Elon Musk","2021-04-22 20:52:30","11045","235","[]"
"1385337043618836480","44196397","Happy Earth Day","Elon Musk","2021-04-22 20:57:44","438578","37108","[]"
"1385359141053546496","44196397","@ICannot_Enough Haha true","Elon Musk","2021-04-22 22:25:32","3165","124","[]"
"1385365390465937413","44196397","@JiriThunderDome Yeah","Elon Musk","2021-04-22 22:50:22","3341","97","[]"
"1385507154531074048","44196397","Astronauts preparing to launch to @Space_Station","Elon Musk","2021-04-23 08:13:41","81820","6893","[]"
"1385530714662133763","44196397","2 mins to launch","Elon Musk","2021-04-23 09:47:18","88485","6939","[]"
"1385596061922779140","44196397","@lexfridman Yup","Elon Musk","2021-04-23 14:06:58","7837","290","[]"
"1385598863399129090","44196397","@SciGuySpace This is important","Elon Musk","2021-04-23 14:18:06","14242","389","[]"
"1385600268620939265","44196397","@PPathole This is the essence of my philosophy","Elon Musk","2021-04-23 14:23:41","48384","1823","[]"
"1385603921121533954","44196397","@OwenSparks_ @PPathole Absolutely!","Elon Musk","2021-04-23 14:38:12","3659","146","[]"
"1385879790381641728","44196397","What does the future hodl?","Elon Musk","2021-04-24 08:54:25","318799","30758","[]"
"1385880018417557506","44196397","define beauty","Elon Musk","2021-04-24 08:55:19","277144","15274","[]"
"1385882094296092672","44196397","","Elon Musk","2021-04-24 09:03:34","241773","19298","[]"
"1385887015774867457","44196397","@KuroiKumanoashi Lies can be beautiful","Elon Musk","2021-04-24 09:23:07","20897","1213","[]"
"1386148075434123264","44196397","@Tesmanian_com Yup","Elon Musk","2021-04-25 02:40:29","14803","551","[]"
"1386155357739921412","44196397","Am hosting SNL on May 8","Elon Musk","2021-04-25 03:09:25","331833","20697","[]"
"1386158212970340354","44196397","Lets find out just how live Saturday Night Live really is","Elon Musk","2021-04-25 03:20:46","220607","12807","[]"
"1386405029523845125","44196397","@BadAstronomer So awesome!","Elon Musk","2021-04-25 19:41:31","12529","404","[]"
"1386562909833109505","44196397","@JohnnaCrider1","Elon Musk","2021-04-26 06:08:53","11461","313","[]"
"1386563667706011653","44196397","@BLKMDL3 @JohnnaCrider1 We just got approval to open a new Supercharger station in Malibu!","Elon Musk","2021-04-26 06:11:54","4991","250","[]"
"1386744515856322563","44196397","@PPathole True. The opposite in fact I provide financial support to my parents.","Elon Musk","2021-04-26 18:10:31","5790","428","[]"
"1386759755088211974","44196397","@PPathole An advantage I did have is that my father is a talented electrical &amp; mechanical engineer, so I was taught a lot engineering (without appreciating it at the time)","Elon Musk","2021-04-26 19:11:05","6202","447","[]"
"1386815954181632000","44196397","@Orangetilt Yeah, roughly 200MW/km^2 using currently available solar panels. Whats really amazing is that you can store all energy needed to power a continent overnight with 1 square kilometer of stacked Tesla Megapacks!","Elon Musk","2021-04-26 22:54:23","11214","860","[]"
"1386816432655290381","44196397","@jgrano305 @Orangetilt Yes","Elon Musk","2021-04-26 22:56:18","2181","96","[]"
"1386821144037236737","44196397","@stoolpresidente No, you do not. I have not sold any of my Bitcoin. Tesla sold 10% of its holdings essentially to prove liquidity of Bitcoin as an alternative to holding cash on balance sheet.","Elon Musk","2021-04-26 23:15:01","99441","13416","[]"
"1386821871199571968","44196397","@heydave7 Seems quite likely at least based on revenue in 2022 &amp; possibly total units in 2023","Elon Musk","2021-04-26 23:17:54","14272","551","[]"
"1386825367948644352","44196397","@kchangnyt Cant get it up (to orbit) lol","Elon Musk","2021-04-26 23:31:48","52001","5249","[]"
"1386835900169129984","44196397","@jeff_foust True","Elon Musk","2021-04-27 00:13:39","4991","169","[]"
"1386836238771105793","44196397","Starship SN15 static fire completed, preparing for flight later this week","Elon Musk","2021-04-27 00:15:00","170356","9894","[]"
"1386841861323698177","44196397","@kchangnyt","Elon Musk","2021-04-27 00:37:20","11315","932","[]"
"1387140695387951105","44196397","@garyblack00 @CGrantWSJ @WSJ I find it more helpful to read/follow individual journalists, rather than publications. Any given publication is going to have wide range of views, albeit vast majority of stories about any subject are negative, perhaps reflecting innate human biases.Citizen journalism FTW!","Elon Musk","2021-04-27 20:24:48","8559","826","[]"
"1387140919145766912","44196397","@PPathole Yup","Elon Musk","2021-04-27 20:25:41","32438","720","[]"
"1387158189985173505","44196397","@DocumentingBTC Yes","Elon Musk","2021-04-27 21:34:19","41310","2980","[]"
"1387172830094233601","44196397","@garyblack00 Other companies spend money on advertising &amp; manipulating public opinion, Tesla focuses on the product. I trust the people.","Elon Musk","2021-04-27 22:32:29","18658","2322","[]"
"1387176157737541641","44196397","@thesheetztweetz FCC is fair &amp; sensible. NHTSA &amp; FAA too. 99.9% of the time, I agree with regulators! On rare occasions, we disagree. This is almost always due to new technologies that past regulations didnt anticipate.","Elon Musk","2021-04-27 22:45:43","5666","359","[]"
"1387180114836967427","44196397","@leastImAlive @thesheetztweetz They have an important role to play in protecting the public from getting swindled, but are sometimes too close to Wall St hedge funds imo. Strange that they arent taking more action on some of the SPACs.","Elon Musk","2021-04-27 23:01:26","5828","524","[]"
"1387246623340732421","44196397","@Erdayastronaut @Twisi80 Testing header tanks. All good so far.","Elon Musk","2021-04-28 03:25:43","10006","429","[]"
"1387266412683702274","44196397","@wapodavenport Romeo + Juliet, fish tank scene","Elon Musk","2021-04-28 04:44:21","6808","323","[]"
"1387268753369583616","44196397","@wapodavenport Did my heart love till now? forswear it, sight!For I ne'er saw true beauty till this night.","Elon Musk","2021-04-28 04:53:39","2438","195","[]"
"1387290679794089986","44196397","The DogefatherSNL May 8","Elon Musk","2021-04-28 06:20:47","459570","80220","[]"
"1387290907108679680","44196397","@muratpak","Elon Musk","2021-04-28 06:21:41","5456","258","[]"
"1387308991743672322","44196397","@AstroJordy @wapodavenport 0% so far","Elon Musk","2021-04-28 07:33:33","3831","161","[]"
"1387326627160408067","44196397","","Elon Musk","2021-04-28 08:43:37","53451","4362","[]"
"1387328662073188353","44196397","@RiusJulien","Elon Musk","2021-04-28 08:51:43","3439","178","[]"
"1387329332541104131","44196397","@RationalEtienne @Erdayastronaut @Twisi80 Starship is literally more pointy because of that movie haha","Elon Musk","2021-04-28 08:54:22","4999","267","[]"
"1387494112904060933","44196397","@collision @SpaceX Cool!","Elon Musk","2021-04-28 19:49:09","20850","591","[]"
"1387523708458254337","44196397","@skorusARK Best-selling by revenue in 2022, possibly by unit volume in 2023","Elon Musk","2021-04-28 21:46:45","10958","525","[]"
"1387524266191687685","44196397","@OwenSparks_ @nbcsnl @MileyCyrus Might be something there haha","Elon Musk","2021-04-28 21:48:58","7465","462","[]"
"1387524555409924102","44196397","@WR4NYGov @garyblack00 @Tesla @WholeMarsBlog exactly","Elon Musk","2021-04-28 21:50:07","13656","329","[]"
"1387525922463666179","44196397","@squawksquare Sorry","Elon Musk","2021-04-28 21:55:33","10745","1018","[]"
"1387532802116173825","44196397","@heydave7 Yes","Elon Musk","2021-04-28 22:22:53","7026","247","[]"
"1387556627298070531","44196397","@TeslaNY @Tesla Good technical analysis","Elon Musk","2021-04-28 23:57:34","13450","468","[]"
"1387558563208368131","44196397","@teslaownersSV @TeslaNY @Tesla Probably two weeks","Elon Musk","2021-04-29 00:05:15","4070","281","[]"
"1387572858768007179","44196397","@teslaownersSV @TeslaNY @Tesla Gating factor is achieving &amp; proving higher safety with pure vision than with vision+radar. We are almost there.FSD Beta V9.0 will blow your mind.","Elon Musk","2021-04-29 01:02:04","4957","584","[]"
"1387573516040609796","44196397","@tobyliiiiiiiiii @teslaownersSV @TeslaNY @Tesla Probably a few months. There are many subtle differences between US &amp; Canada driving.","Elon Musk","2021-04-29 01:04:40","2824","129","[]"
"1387573708483710978","44196397","@tobyliiiiiiiiii @teslaownersSV @TeslaNY @Tesla And hopefully EU this summer","Elon Musk","2021-04-29 01:05:26","3231","191","[]"
"1387574315969880068","44196397","@jgrano305 @tobyliiiiiiiiii @teslaownersSV @TeslaNY @Tesla Hopefully, later this year for several more states. Insurance is different for almost every state in America &amp; regulatory approvals take time.","Elon Musk","2021-04-29 01:07:51","2755","137","[]"
"1387884069220982784","44196397","@danheld","Elon Musk","2021-04-29 21:38:42","25071","713","[]"
"1387892143792984065","44196397","@adamcarter @teslaownersSV @TeslaNY @Tesla True. Anyone paying attention to the rate of improvement will realize that Tesla Autopilot/FSD is already superhuman for highway driving &amp; swiftly getting there for city streets.","Elon Musk","2021-04-29 22:10:47","3030","210","[]"
"1387892910960615428","44196397","@WhatsupFranks @danheld I swear Canada FSD beta will be as soon as humanly possible!","Elon Musk","2021-04-29 22:13:50","2883","171","[]"
"1387893690354515970","44196397","@teslaownersSV FSD display V9.0 will show actual probability distribution of objects true minds eye of the neural net. This is so cool!","Elon Musk","2021-04-29 22:16:56","6916","474","[]"
"1387894284041527297","44196397","@teslaownersSV Was using this in my car last night","Elon Musk","2021-04-29 22:19:17","4987","230","[]"
"1387897099983990793","44196397","@WholeMarsBlog Exactly!","Elon Musk","2021-04-29 22:30:29","3614","165","[]"
"1387901003664699392","44196397","A major part of real-world AI has to be solved to make unsupervised, generalized full self-driving work, as the entire road system is designed for biological neural nets with optical imagers","Elon Musk","2021-04-29 22:45:59","141440","10017","[]"
"1388608259255377920","44196397","Woke James BondSNL May 8","Elon Musk","2021-05-01 21:36:22","148601","12140","[]"
"1388611645560262660","44196397","Throwing out some skit ideas for SNL. What should I do?","Elon Musk","2021-05-01 21:49:50","138831","9691","[]"
"1388612033160126469","44196397","@gshenanigans1 Definitely","Elon Musk","2021-05-01 21:51:22","32206","3699","[]"
"1388612603480510469","44196397","Irony Man defeats villains using the power of irony","Elon Musk","2021-05-01 21:53:38","90125","4714","[]"
"1388613426868625416","44196397","Baby Shark &amp; Shark Tank merge to form Baby Shark Tank","Elon Musk","2021-05-01 21:56:54","84000","4259","[]"
"1388673741454991362","44196397","@RSTYCG","Elon Musk","2021-05-02 01:56:34","10590","228","[]"
"1388693126206918658","44196397","I love Art Deco","Elon Musk","2021-05-02 03:13:36","218227","13559","[]"
"1388952616902795267","44196397","@jpr007 @EPCalderhead Haha","Elon Musk","2021-05-02 20:24:44","3013","139","[]"
"1388963849043419140","44196397","@jaentwistle One of many reasons why we need larger &amp; more advanced rockets!","Elon Musk","2021-05-02 21:09:21","35462","1580","[]"
"1388980879175954433","44196397","@heydave7 @Tesla A remarkable junction in history","Elon Musk","2021-05-02 22:17:02","17948","927","[]"
"1389102532706848768","44196397","@utsavtechie Prototypes are easy, production is hard","Elon Musk","2021-05-03 06:20:26","179625","9134","[]"
"1389126650508480512","44196397","@spacex360 So great to see the happy faces!","Elon Musk","2021-05-03 07:56:16","36580","1146","[]"
"1389270326073253889","44196397","@MeetLuis @WARREZ420 @WholeMarsBlog Rawlinson was never chief engineer. He arrived after Model S prototype was made, left before things got tough &amp; was only ever responsible for body engineering, not powertrain, battery, software, production or design.","Elon Musk","2021-05-03 17:27:11","5407","414","[]"
"1389691848906747905","44196397","@thesheetztweetz Only limitation is high density of users in urban areas. Most likely, all of the initial 500k will receive service. More of a challenge when we get into the several million user range.","Elon Musk","2021-05-04 21:22:10","14855","825","[]"
"1389718145733120003","44196397","@karpathy","Elon Musk","2021-05-04 23:06:40","26306","1031","[]"
"1389797504103981057","44196397","@newscientist Which means ~1/10th of you is 13.8 billion years old","Elon Musk","2021-05-05 04:22:00","9554","894","[]"
"1389798912777719810","44196397","@DavidSacks The Movement!","Elon Musk","2021-05-05 04:27:36","10575","723","[]"
"1389822625623511040","44196397","@AaronGamelli I had a Steampunk Japan birthday party once","Elon Musk","2021-05-05 06:01:50","6490","576","[]"
"1390069456177704965","44196397","About to launch","Elon Musk","2021-05-05 22:22:39","99562","9156","[]"
"1390073153347592192","44196397","Starship landing nominal!","Elon Musk","2021-05-05 22:37:20","323510","32240","[]"
"1390169571466829828","44196397","@nextspaceflight @NASASpaceflight Only way to create rapidly &amp; fully reusable orbital rockets, the fundamental technology revolution needed to make life multiplanetary","Elon Musk","2021-05-06 05:00:28","31596","1704","[]"
"1390203889824247810","44196397","@nova_road True","Elon Musk","2021-05-06 07:16:50","12145","486","[]"
"1390335482647781377","44196397","@jimfarley98 @thesheetztweetz Thanks Jim","Elon Musk","2021-05-06 15:59:44","12000","354","[]"
"1390335943920558081","44196397","@MileyCyrus Haha awesome! See you soon.","Elon Musk","2021-05-06 16:01:34","8334","662","[]"
"1390342190786912257","44196397","@GabrielGruber Exactly","Elon Musk","2021-05-06 16:26:24","19745","710","[]"
"1390369492954456070","44196397","@johnkrausphotos @SpaceX Mars Base Alpha","Elon Musk","2021-05-06 18:14:53","15915","810","[]"
"1390370678910685185","44196397","@ZachWeiner Haha true","Elon Musk","2021-05-06 18:19:36","31619","837","[]"
"1390385771803197454","44196397","@westcoastbill for sure!","Elon Musk","2021-05-06 19:19:34","8373","319","[]"
"1390386652007251970","44196397","@flcnhvy @westcoastbill 2024 is not out of the question for an uncrewed flight","Elon Musk","2021-05-06 19:23:04","7556","651","[]"
"1390387429375369216","44196397","Public support for life on Mars is critical to making it happen","Elon Musk","2021-05-06 19:26:09","215021","16846","[]"
"1390387635961610242","44196397","Make humanity a multiplanet species!","Elon Musk","2021-05-06 19:26:59","391875","40986","[]"
"1390466765294116867","44196397","@DavidSpade","Elon Musk","2021-05-07 00:41:25","64994","4361","[]"
"1390517401196826628","44196397","@SpacePadreIsle Nice shot","Elon Musk","2021-05-07 04:02:37","18900","593","[]"
"1390522866979033092","44196397","Cryptocurrency is promising, but please invest with caution!","Elon Musk","2021-05-07 04:24:20","188444","35270","[]"
